date,ticker,type,base_amount,PE Ratio,ROE,Profit Margin,TTM Revenue,Tax Effect Of Unusual Items,Tax Rate For Calcs,Total Unusual Items,Total Unusual Items Excluding Goodwill,Net Income From Continuing Operation Net Minority Interest,Reconciled Depreciation,Net Interest Income,Interest Expense,Interest Income,Normalized Income,Net Income From Continuing And Discontinued Operation,Diluted Average Shares,Basic Average Shares,Diluted EPS,Basic EPS,Diluted NI Availto Com Stockholders,Net Income Common Stockholders,Otherunder Preferred Stock Dividend,Preferred Stock Dividends,Net Income,Net Income Including Noncontrolling Interests,Net Income Discontinuous Operations,Net Income Continuous Operations,Tax Provision,Pretax Income,Special Income Charges,Other Special Charges,Restructuring And Mergern Acquisition,Gain On Sale Of Security,Depreciation Amortization Depletion Income Statement,Depreciation And Amortization In Income Statement,Amortization,Amortization Of Intangibles Income Statement,Selling General And Administration,Selling And Marketing Expense,General And Administrative Expense,Salaries And Wages,Total Revenue,Operating Revenue,Occupancy And Equipment,Professional Expense And Contract Services Expense,Other Non Interest Expense,price_at_trade,Normalized EBITDA,Reconciled Cost Of Revenue,EBITDA,EBIT,Total Expenses,Total Operating Income As Reported,Other Income Expense,Other Non Operating Income Expenses,Gain On Sale Of Business,Write Off,Net Non Operating Interest Income Expense,Interest Expense Non Operating,Operating Income,Operating Expense,Research And Development,Other Gand A,Gross Profit,Cost Of Revenue,Minority Interests,Impairment Of Capital Assets,Earnings From Equity Interest,Interest Income Non Operating,Total Other Finance Cost,Gain On Sale Of Ppe,Other Operating Expenses,Average Dilution Earnings,Earnings From Equity Interest Net Of Tax,Other Taxes,Insurance And Claims,Rent Expense Supplemental,Depreciation Income Statement,Rent And Landing Fees,Excise Taxes
2025-11-10,COF,Purchase,50001,78.73037,0.01615,0.04899,28885999616.0,,,-42000000.0,-42000000.0,,,,,,,,,,,,,,,,,,,,,,-42000000.0,42000000.0,0.0,,,,,,,,,,,,,,,219.5251007080078,,,,,,,,,,,,,,,,,,,,,,,,,,,,,,,,,
2025-11-10,PNR,Purchase,15001,26.609413,0.17966999,0.15844,4128399872.0,,,0.0,0.0,,,,,,,,,,,,,,,,,,,,,,0.0,,,,,,,,,,,,,,,,,108.69000244140625,,,,,,,,,0.0,,,,,,,,,,,,,,,,,,,,,,,,
2025-11-14,CAG,Purchase,1001,9.675141,0.096540004,0.07424,11450500096.0,,,,,,,,,,,,,,,,,,,,,,,,,,,,,,,,,,,,1361000000.0,-12400000.0,,,,,,17.450000762939453,,,,,,,,,,,,,,,,1361000000.0,,,,,,,,,,,,,,,,,
2025-11-13,META,Purchase,1001,29.466196,0.32643002,0.30892,189458006016.0,1320000.0,0.12,11000000.0,11000000.0,15688000000.0,4027000000.0,461000000.0,208000000.0,661000000.0,15678320000.0,15688000000.0,2600000000.0,2529000000.0,6.03,6.2,15688000000.0,15688000000.0,,,15688000000.0,15688000000.0,,15688000000.0,2134000000.0,17822000000.0,,,,11000000.0,,,,,4687000000.0,2822000000.0,1865000000.0,,40589000000.0,40155000000.0,,,,609.8900146484375,22046000000.0,7375000000.0,22057000000.0,18030000000.0,23239000000.0,17350000000.0,11000000.0,,,,461000000.0,208000000.0,17350000000.0,15864000000.0,11177000000.0,1865000000.0,33214000000.0,7375000000.0,,,,661000000.0,-8000000.0,,,,,,,,,,
2025-11-21,GH,Purchase,1001,,,-0.44184,902569024.0,0.0,0.21,,,-107754000.0,10598000.0,12611000.0,646000.0,13257000.0,-107754000.0,-107754000.0,123051000.0,123051000.0,-0.88,-0.88,-107754000.0,-107754000.0,,,-107754000.0,-107754000.0,,-107754000.0,30000.0,-107724000.0,,,,,,,,,147009000.0,97880000.0,49129000.0,,191476000.0,191476000.0,,,,105.41999816894531,-96480000.0,74489000.0,-96480000.0,-107078000.0,308804000.0,-117328000.0,-3007000.0,-3007000.0,,,12611000.0,646000.0,-117328000.0,234315000.0,87306000.0,49129000.0,116987000.0,74489000.0,,,,13257000.0,,,,,,,,,,,
2025-11-21,KO,Purchase,1001,23.21192,0.42442,0.2734,47663001600.0,,,,,,,,,,,,,,,,,,,,,,,,,,,,,,,,,,,,,68000000.0,,,,,,72.4411849975586,,,,,,,,,516000000.0,760000000.0,,,,,,2190000000.0,,,,760000000.0,,,,,,,,,,,,,
2025-11-21,HSY,Purchase,1001,27.101645,0.31013,0.118360005,11489094656.0,,,,,,,,,,,,,,,,,,,,,,,,,,,,,,,,,,,,618619000.0,638000.0,,,,,,186.0,,,,,,,,,,,,,,,,617981000.0,,,,,,,,,,,,,,,,,
2025-11-06,VWUAX,Purchase,100001,51.634678,,,,,,,,,,,,,,,,,,,,,,,,,,,,,,,,,,,,,,,,,,,,,,214.75,,,,,,,,,,,,,,,,,,,,,,,,,,,,,,,,,
2025-11-25,BITB,Purchase,15001,,,,,,,,,,,,,,,,,,,,,,,,,,,,,,,,,,,,,,,,,,,,,,,47.47999954223633,,,,,,,,,,,,,,,,,,,,,,,,,,,,,,,,,
2025-11-24,BITB,Purchase,50001,,,,,,,,,,,,,,,,,,,,,,,,,,,,,,,,,,,,,,,,,,,,,,,48.45000076293945,,,,,,,,,,,,,,,,,,,,,,,,,,,,,,,,,
2025-11-03,MSFT,Purchase,250001,34.82813,0.32241002,0.35707,293812011008.0,57190000.0,0.19,301000000.0,301000000.0,24667000000.0,7383000000.0,99000000.0,582000000.0,681000000.0,24423190000.0,24667000000.0,7470000000.0,7433000000.0,3.3,3.32,24667000000.0,24667000000.0,,,24667000000.0,24667000000.0,,24667000000.0,5602000000.0,30269000000.0,-7000000.0,,,308000000.0,,,,,7390000000.0,5717000000.0,1673000000.0,,65585000000.0,65585000000.0,,,,516.0641479492188,37933000000.0,20099000000.0,38234000000.0,30851000000.0,35033000000.0,30552000000.0,-382000000.0,-683000000.0,,7000000.0,99000000.0,582000000.0,30552000000.0,14934000000.0,7544000000.0,1673000000.0,45486000000.0,20099000000.0,,,,681000000.0,,,,,,,,,,,
2025-10-31,META,Purchase,1001,29.467102,0.32643002,0.30892,189458006016.0,1320000.0,0.12,11000000.0,11000000.0,15688000000.0,4027000000.0,461000000.0,208000000.0,661000000.0,15678320000.0,15688000000.0,2600000000.0,2529000000.0,6.03,6.2,15688000000.0,15688000000.0,,,15688000000.0,15688000000.0,,15688000000.0,2134000000.0,17822000000.0,,,,11000000.0,,,,,4687000000.0,2822000000.0,1865000000.0,,40589000000.0,40155000000.0,,,,648.3499755859375,22046000000.0,7375000000.0,22057000000.0,18030000000.0,23239000000.0,17350000000.0,11000000.0,,,,461000000.0,208000000.0,17350000000.0,15864000000.0,11177000000.0,1865000000.0,33214000000.0,7375000000.0,,,,661000000.0,-8000000.0,,,,,,,,,,
2025-10-03,FTGC,Purchase,1001,,,,,,,,,,,,,,,,,,,,,,,,,,,,,,,,,,,,,,,,,,,,,,,25.905000686645508,,,,,,,,,,,,,,,,,,,,,,,,,,,,,,,,,
2025-10-03,EIPI,Purchase,15001,16.396252,,,,,,,,,,,,,,,,,,,,,,,,,,,,,,,,,,,,,,,,,,,,,,19.581838607788086,,,,,,,,,,,,,,,,,,,,,,,,,,,,,,,,,
2025-10-09,COST,Purchase,1001,48.612328,0.30686,0.02943,275235012608.0,,,,,,,,,,,,,,,,,,,,,,,,,,,,,,,,,,,,,,,,,,,941.5579223632812,,,,,,,,,,,,,,,,,,,,,,,-14000000.0,,,,,,,,,,
2025-10-24,LLY,Purchase,1001,48.62665,0.9647,0.30986,59419799552.0,,,,,,,,,,,,,,,,,,,,,,,,,,,,,,,,,,,,,,,,,,,824.239501953125,,,,,,,,,,,,,,,,,,,,435000000.0,,,,,,,,,,,,,
2025-09-16,SCHP,Purchase,1001,,,,,,,,,,,,,,,,,,,,,,,,,,,,,,,,,,,,,,,,,,,,,,,26.834293365478516,,,,,,,,,,,,,,,,,,,,,,,,,,,,,,,,,
2025-09-16,IEF,Purchase,15001,,,,,,,,,,,,,,,,,,,,,,,,,,,,,,,,,,,,,,,,,,,,,,,96.31423950195312,,,,,,,,,,,,,,,,,,,,,,,,,,,,,,,,,
2025-09-16,SHY,Purchase,1001,3761.5908,,,,,,,,,,,,,,,,,,,,,,,,,,,,,,,,,,,,,,,,,,,,,,82.23441314697266,,,,,,,,,,,,,,,,,,,,,,,,,,,,,,,,,
2025-09-16,IEI,Purchase,15001,,,,,,,,,,,,,,,,,,,,,,,,,,,,,,,,,,,,,,,,,,,,,,,118.99917602539062,,,,,,,,,,,,,,,,,,,,,,,,,,,,,,,,,
2025-09-12,ETN,Purchase,1001,34.293293,0.20653,0.14741,26633000960.0,0.0,0.161,,,1009000000.0,235000000.0,-29000000.0,29000000.0,,1009000000.0,1009000000.0,398900000.0,397100000.0,2.53,2.54,1009000000.0,1009000000.0,,,1009000000.0,1011000000.0,,1011000000.0,193000000.0,1204000000.0,,,,,,,,,1028000000.0,,,,6345000000.0,6345000000.0,,,,365.8999938964844,1468000000.0,3899000000.0,1468000000.0,1233000000.0,5134000000.0,,22000000.0,22000000.0,,,-29000000.0,29000000.0,1211000000.0,1235000000.0,207000000.0,,2446000000.0,3899000000.0,-1000000.0,,,,,,,,,,,,,,
2025-09-17,GOOGL,Purchase,15001,30.89911,0.3545,0.32233003,385476001792.0,,,,,,,,,,,,,,,,,,,,,,,,,,,,,,,,,,,,,,,,,,,249.52999877929688,,,,,,,,,,,,,,,,,,,,,-26000000.0,,,,,1641000000.0,,,,,,,
2025-09-04,ADBE,Purchase,1001,21.266062,0.52875,0.30012,23181000704.0,,,,,,,,,,,,,,,,,,,,,,,,,,,,,,,,,,,,,,,,,,,344.30999755859375,,,,,,,,82000000.0,,,,,,,,,,,,,,,,,,,,,,,,,
2025-09-02,INTU,Purchase,100001,45.13471,0.21987,0.21191,19433000960.0,,,,,,,,,,,,,,,,,,,,,,,,,,,,,,,,,,,,,-5000000.0,,,,,,660.7823486328125,,,,,,,,,,,,,,,,,,,,,,,,,,,,,,,,,
2025-09-02,PANW,Purchase,100001,124.6465,0.15324001,0.11687,9556500480.0,,,,,,,,,,,,,,,,,,,,,,,,,,,,,,,,,,,,,,,,,,,190.52000427246094,,,,,,,,,,,,,,,,,,,,,,,800000.0,,,,,,,,,,
2025-09-24,UNH,Purchase,15001,16.914852,0.17476,0.04042,435159007232.0,,,,,,,,,,,,,,,,,,,,,,,,,,,,,1011000000.0,,,,,,,,,,,,,,351.80999755859375,,,,,,,,,,,,,,,,,,,,,,,,,,,,,,,,,
2025-09-24,NOW,Purchase,1001,103.16044,0.16813,0.13665,12666999808.0,0.0,0.16,,,432000000.0,144000000.0,102000000.0,6000000.0,108000000.0,432000000.0,432000000.0,209000000.0,206000000.0,2.07,2.09,432000000.0,432000000.0,,,432000000.0,432000000.0,,432000000.0,84000000.0,516000000.0,,,,,,,,,1169000000.0,944000000.0,225000000.0,,2797000000.0,2797000000.0,,,,933.3699951171875,666000000.0,584000000.0,666000000.0,522000000.0,2379000000.0,418000000.0,-4000000.0,-4000000.0,,,102000000.0,6000000.0,418000000.0,1795000000.0,626000000.0,225000000.0,2213000000.0,584000000.0,,,,108000000.0,,,,,,,,,,,
2025-09-24,INTU,Purchase,15001,45.145016,0.21987,0.21191,19433000960.0,,,,,,,,,,,,,,,,,,,,,,,,,,,,,,,,,,,,,-5000000.0,,,,,,693.5225219726562,,,,,,,,,,,,,,,,,,,,,,,,,,,,,,,,,
2025-09-24,ISRG,Purchase,50001,75.00066,0.16902,0.28577998,9612000256.0,,,,,,,,,,,,,,,,,,,,,,,,,,,,,,,,,,,,,,,,,,,443.989990234375,,,,,,,,,,,,,,,,,,,,,,,-69100000.0,,,,,,,,,,
2025-08-01,VNQI,Purchase,1001,14.580154,,,,,,,,,,,,,,,,,,,,,,,,,,,,,,,,,,,,,,,,,,,,,,45.5,,,,,,,,,,,,,,,,,,,,,,,,,,,,,,,,,
2025-08-01,SCHP,Purchase,1001,,,,,,,,,,,,,,,,,,,,,,,,,,,,,,,,,,,,,,,,,,,,,,,26.311426162719727,,,,,,,,,,,,,,,,,,,,,,,,,,,,,,,,,
2025-08-22,NVDA,Purchase,1001,45.799007,1.07359,0.53007,187141996544.0,0.0,0.134746,,,19309000000.0,478000000.0,411000000.0,61000000.0,472000000.0,19309000000.0,19309000000.0,24774000000.0,24533000000.0,0.78,0.79,19309000000.0,19309000000.0,,,19309000000.0,19309000000.0,,19309000000.0,3007000000.0,22316000000.0,,,,,,,,,897000000.0,,,,35082000000.0,35082000000.0,,,,177.97006225585938,22855000000.0,8926000000.0,22855000000.0,22377000000.0,13213000000.0,21869000000.0,36000000.0,36000000.0,,,411000000.0,61000000.0,21869000000.0,4287000000.0,3390000000.0,,26156000000.0,8926000000.0,,,,472000000.0,,,,,,,,,,,
2025-08-14,RNWGX,Purchase,15001,17.120832,,,,,,,,,,,,,,,,,,,,,,,,,,,,,,,,,,,,,,,,,,,,,,91.04000091552734,,,,,,,,,,,,,,,,,,,,,,,,,,,,,,,,,
2025-08-07,RNWGX,Purchase,15001,17.120832,,,,,,,,,,,,,,,,,,,,,,,,,,,,,,,,,,,,,,,,,,,,,,89.97000122070312,,,,,,,,,,,,,,,,,,,,,,,,,,,,,,,,,
2025-08-01,RNWGX,Purchase,1001,17.120832,,,,,,,,,,,,,,,,,,,,,,,,,,,,,,,,,,,,,,,,,,,,,,87.41000366210938,,,,,,,,,,,,,,,,,,,,,,,,,,,,,,,,,
2025-08-22,LLY,Purchase,1001,48.65801,0.9647,0.30986,59419799552.0,,,,,,,,,,,,,,,,,,,,,,,,,,,,,,,,,,,,,,,,,,,710.6363525390625,,,,,,,,,,,,,,,,,,,,435000000.0,,,,,,,,,,,,,
2025-08-11,LLY,Purchase,1001,48.65801,0.9647,0.30986,59419799552.0,,,,,,,,,,,,,,,,,,,,,,,,,,,,,,,,,,,,,,,,,,,632.8983154296875,,,,,,,,,,,,,,,,,,,,435000000.0,,,,,,,,,,,,,
2025-08-01,JMBS,Purchase,1001,,,,,,,,,,,,,,,,,,,,,,,,,,,,,,,,,,,,,,,,,,,,,,,44.16294860839844,,,,,,,,,,,,,,,,,,,,,,,,,,,,,,,,,
2025-08-01,IWM,Purchase,1001,18.441973,,,,,,,,,,,,,,,,,,,,,,,,,,,,,,,,,,,,,,,,,,,,,,214.31210327148438,,,,,,,,,,,,,,,,,,,,,,,,,,,,,,,,,
2025-08-01,IEF,Purchase,1001,,,,,,,,,,,,,,,,,,,,,,,,,,,,,,,,,,,,,,,,,,,,,,,94.49847412109375,,,,,,,,,,,,,,,,,,,,,,,,,,,,,,,,,
2025-08-01,SHY,Purchase,1001,3761.5908,,,,,,,,,,,,,,,,,,,,,,,,,,,,,,,,,,,,,,,,,,,,,,81.64292907714844,,,,,,,,,,,,,,,,,,,,,,,,,,,,,,,,,
2025-08-01,TLH,Purchase,1001,,,,,,,,,,,,,,,,,,,,,,,,,,,,,,,,,,,,,,,,,,,,,,,100.09349822998047,,,,,,,,,,,,,,,,,,,,,,,,,,,,,,,,,
2025-08-01,CMBS,Purchase,1001,,,,,,,,,,,,,,,,,,,,,,,,,,,,,,,,,,,,,,,,,,,,,,,47.949642181396484,,,,,,,,,,,,,,,,,,,,,,,,,,,,,,,,,
2025-08-01,IEI,Purchase,1001,,,,,,,,,,,,,,,,,,,,,,,,,,,,,,,,,,,,,,,,,,,,,,,117.61549377441406,,,,,,,,,,,,,,,,,,,,,,,,,,,,,,,,,
2025-08-01,TLT,Purchase,1001,,,,,,,,,,,,,,,,,,,,,,,,,,,,,,,,,,,,,,,,,,,,,,,86.56097412109375,,,,,,,,,,,,,,,,,,,,,,,,,,,,,,,,,
2025-08-01,MBB,Purchase,1001,,,,,,,,,,,,,,,,,,,,,,,,,,,,,,,,,,,,,,,,,,,,,,,92.3854751586914,,,,,,,,,,,,,,,,,,,,,,,,,,,,,,,,,
2025-08-01,AGZ,Purchase,1001,,,,,,,,,,,,,,,,,,,,,,,,,,,,,,,,,,,,,,,,,,,,,,,108.23204803466797,,,,,,,,,,,,,,,,,,,,,,,,,,,,,,,,,
2025-08-01,GEM,Purchase,1001,15.010157,,,,,,,,,,,,,,,,,,,,,,,,,,,,,,,,,,,,,,,,,,,,,,37.119998931884766,,,,,,,,,,,,,,,,,,,,,,,,,,,,,,,,,
2025-08-01,WWSYX,Purchase,1001,16.07775,,,,,,,,,,,,,,,,,,,,,,,,,,,,,,,,,,,,,,,,,,,,,,19.950000762939453,,,,,,,,,,,,,,,,,,,,,,,,,,,,,,,,,
2025-08-07,AMD,Purchase,1001,114.60412,0.05317,0.10323,32027000832.0,,,,,,,,,,,,,,,,,,,,,,,,,,,,,,,,,,,,,,,,,,,172.39999389648438,,,,,,,,,,,,,,,,,,,,,,,,,-13000000.0,,,,,,,,
2025-08-01,SHW,Purchase,1001,32.05621,0.59939,0.110489994,23275599872.0,,,,,,,,,,,,,,,,,,,,,,,,,,,,,,,,,,,,,-4900000.0,,,,,,341.86895751953125,,,,,,,,,,,,,,,,,,,,,,,,,,,,,,,,,
2025-08-01,PLD,Purchase,1001,36.90988,0.05963,0.35243,9100544000.0,,,,,,,,,,,,,,,,,,,,,,,,,,,-536000.0,,,,,,,,,,,,,,,,103.98273468017578,,,,,,,,,,,,,,,,,,,,,,,,,,,,,,,,,
2025-07-21,VRT,Purchase,1001,70.15132,0.38862,0.10666,9696300032.0,,,,,,,,,,,,,,,,,,,,,,,,,,,,,,,,,,,,,,,,,,,126.12736511230469,,,,,,,,,,,,,,,,,,,,,,,,,,0.0,,,,,,,
2025-07-21,UBER,Purchase,1001,11.876448,0.72994006,0.33542,49609998336.0,,,,,,,,,,,,,,,,,,,,,,,,,,,,,,,,,,,,,,,,,,,91.16000366210938,,,,,,,,,,,,,,,,,,,,,,,,,,-14000000.0,,,,,,,
2025-07-21,PWR,Purchase,1001,68.613,0.13369,0.03744,27191171072.0,-242784.0,0.216,-1124000.0,-1124000.0,293185000.0,200401000.0,-52713000.0,59950000.0,7237000.0,294066216.0,293185000.0,150556000.0,147394000.0,1.95,1.99,293185000.0,293185000.0,,,293185000.0,299021000.0,,299021000.0,82421000.0,381442000.0,-1124000.0,,1124000.0,,110422000.0,110422000.0,110422000.0,110422000.0,483878000.0,,,,6493167000.0,6493167000.0,,,,398.5638122558594,642917000.0,5390618000.0,641793000.0,441392000.0,6074897000.0,431161000.0,15885000.0,2994000.0,,,-52713000.0,59950000.0,418270000.0,594300000.0,,,1012570000.0,5480597000.0,-5836000.0,,14015000.0,7237000.0,,,,,,,,,,,
2025-07-21,PYPL,Purchase,1001,12.366466,0.24358,0.14963001,32861999104.0,-53820000.0,0.23,-234000000.0,-234000000.0,1010000000.0,255000000.0,77000000.0,106000000.0,183000000.0,1190180000.0,1010000000.0,1024000000.0,1015000000.0,0.99,1.0,1010000000.0,1010000000.0,,,1010000000.0,1010000000.0,,1010000000.0,301000000.0,1311000000.0,-63000000.0,,63000000.0,-171000000.0,,,,,1027000000.0,508000000.0,519000000.0,,7847000000.0,7847000000.0,,,,74.6474380493164,1906000000.0,4193000000.0,1672000000.0,1417000000.0,6393000000.0,1391000000.0,-220000000.0,14000000.0,,,77000000.0,106000000.0,1454000000.0,2200000000.0,746000000.0,519000000.0,3654000000.0,4193000000.0,,,,183000000.0,,,427000000.0,,,,,,,,
2025-07-21,ONON,Purchase,1001,56.60241,0.15976,0.07793,2876800000.0,,,,,,,,,,,,,,,,,,,,,,,,,,,,,,,,,,,182600000.0,110300000.0,17100000.0,,,,,,53.209999084472656,,,,,,,,,,,,,,,,93200000.0,,,,,,,1600000.0,,,,,,,,,,
2025-07-21,NVDA,Purchase,1001,45.825283,1.07359,0.53007,187141996544.0,0.0,0.134746,,,19309000000.0,478000000.0,411000000.0,61000000.0,472000000.0,19309000000.0,19309000000.0,24774000000.0,24533000000.0,0.78,0.79,19309000000.0,19309000000.0,,,19309000000.0,19309000000.0,,19309000000.0,3007000000.0,22316000000.0,,,,,,,,,897000000.0,,,,35082000000.0,35082000000.0,,,,171.36080932617188,22855000000.0,8926000000.0,22855000000.0,22377000000.0,13213000000.0,21869000000.0,36000000.0,36000000.0,,,411000000.0,61000000.0,21869000000.0,4287000000.0,3390000000.0,,26156000000.0,8926000000.0,,,,472000000.0,,,,,,,,,,,
2025-07-21,NFLX,Purchase,1001,40.31458,0.42861,0.24047,43378786304.0,,,,,,,,,79005000.0,,,,,,,,,,,,,,,,,,,,,,,,,,,,,,,,,,123.3270034790039,,,,,,,,,,,,,,,,,,,,,,79005000.0,,,,,,,,,,,
2025-07-21,MSFT,Purchase,1001,34.81899,0.32241002,0.35707,293812011008.0,57190000.0,0.19,301000000.0,301000000.0,24667000000.0,7383000000.0,99000000.0,582000000.0,681000000.0,24423190000.0,24667000000.0,7470000000.0,7433000000.0,3.3,3.32,24667000000.0,24667000000.0,,,24667000000.0,24667000000.0,,24667000000.0,5602000000.0,30269000000.0,-7000000.0,,,308000000.0,,,,,7390000000.0,5717000000.0,1673000000.0,,65585000000.0,65585000000.0,,,,508.2716064453125,37933000000.0,20099000000.0,38234000000.0,30851000000.0,35033000000.0,30552000000.0,-382000000.0,-683000000.0,,7000000.0,99000000.0,582000000.0,30552000000.0,14934000000.0,7544000000.0,1673000000.0,45486000000.0,20099000000.0,,,,681000000.0,,,,,,,,,,,
2025-07-21,META,Purchase,1001,29.454927,0.32643002,0.30892,189458006016.0,1320000.0,0.12,11000000.0,11000000.0,15688000000.0,4027000000.0,461000000.0,208000000.0,661000000.0,15678320000.0,15688000000.0,2600000000.0,2529000000.0,6.03,6.2,15688000000.0,15688000000.0,,,15688000000.0,15688000000.0,,15688000000.0,2134000000.0,17822000000.0,,,,11000000.0,,,,,4687000000.0,2822000000.0,1865000000.0,,40589000000.0,40155000000.0,,,,712.4890747070312,22046000000.0,7375000000.0,22057000000.0,18030000000.0,23239000000.0,17350000000.0,11000000.0,,,,461000000.0,208000000.0,17350000000.0,15864000000.0,11177000000.0,1865000000.0,33214000000.0,7375000000.0,,,,661000000.0,-8000000.0,,,,,,,,,,
2025-07-21,MRVL,Purchase,1001,32.244717,0.18040001,0.31748,7793299968.0,,,,,,,,,3300000.0,,,,,,,,,,,,,,,,,,,,,,,,,,,,,,,,,,73.01165771484375,,,,,,,,,,,,,,,,,,,,0.0,,3300000.0,,,,,,,,,,,
2025-07-21,LOW,Purchase,1001,20.40894,,0.08045,84254998528.0,0.0,0.236,,,1695000000.0,494000000.0,-317000000.0,367000000.0,50000000.0,1695000000.0,1695000000.0,566000000.0,565000000.0,2.99,2.99,1691000000.0,1691000000.0,4000000.0,,1695000000.0,1695000000.0,,1695000000.0,524000000.0,2219000000.0,,,,,433000000.0,433000000.0,,,3827000000.0,,,,20170000000.0,19836000000.0,,,,218.6662139892578,3080000000.0,13313000000.0,3080000000.0,2586000000.0,17634000000.0,2536000000.0,,,,,-317000000.0,367000000.0,2536000000.0,4260000000.0,,,6796000000.0,13374000000.0,,,,50000000.0,,,,,,,,,,,
2025-07-21,KEX,Purchase,1001,20.828678,0.0919,0.09219,3314589952.0,376764.127073,0.233002,1617000.0,1617000.0,89968000.0,60653000.0,-12498000.0,12498000.0,,88727764.127073,89968000.0,58186000.0,57753000.0,1.55,1.56,89945000.0,89944000.0,24000.0,,89968000.0,90031000.0,,90031000.0,27350000.0,117381000.0,1617000.0,,,,,,,,84119000.0,,,,831149000.0,831149000.0,,,,115.83000183105469,188915000.0,612744000.0,190532000.0,129879000.0,705836000.0,126930000.0,4566000.0,2949000.0,,,-12498000.0,12498000.0,125313000.0,93092000.0,,,218405000.0,612744000.0,-63000.0,,,,,1617000.0,,1000.0,,8973000.0,,,,,
2025-07-21,JPM,Purchase,1001,15.574294,0.16437,0.347,167228997632.0,,,,,,,,,,,,,,,,,,,,,,,,,,,,230000000.0,,,,,,,,,,,,,,,289.5622253417969,,,,,,,,,,,,,,,,,,,,,,,,,,,,,248000000.0,,,,
2025-07-21,XOM,Purchase,1001,16.824127,0.11424,0.091809995,326244990976.0,,,,,,,,,,,,,,,,,,,,,,,,,,,,,,,,,,,,2495000000.0,23000000.0,,,,,,106.1255874633789,,,,,,,,,,,,,,,,2495000000.0,,,,,,,,,,,,,,,,,
2025-07-21,BX,Purchase,1001,43.485634,0.26457,0.2117,12791218176.0,0.0,0.136,,,780835000.0,8981000.0,-1563000.0,111337000.0,109774000.0,780835000.0,780835000.0,768280366.0,768230595.0,1.02,1.02,780835000.0,780835000.0,,,780835000.0,1564637000.0,,1564637000.0,245303000.0,1809940000.0,,,,552832000.0,,,,,344415000.0,,344415000.0,,2886396000.0,2886396000.0,,,,164.2248992919922,,,,,,,,,,,,,,1076456000.0,,,,,-783802000.0,,,,,,,,,,,,,,
2025-07-21,BAC,Purchase,1001,14.729507,0.09871,0.29224002,101445001216.0,,,700000000.0,700000000.0,,,,,,,,,,,,,,,,,,,,,,700000000.0,-700000000.0,,,,,,,,,,,,,,,,46.973262786865234,,,,,,,,,,,,,,,,,,,,,,,,,,,,,,,,,
2025-07-21,ADSK,Purchase,1001,58.256306,0.40333998,0.16129999,6888000000.0,,,,,,,,,8000000.0,,,,,,,,,,,,,,,,,,,,,,,,,,,,,,,,,,295.1600036621094,,,,,,,,1000000.0,,,,,,,,,,,,,,8000000.0,,,,,,,,,,,
2025-07-21,ANET,Purchase,1001,49.134468,0.31736,0.3973,8448346112.0,0.0,0.153,12400000.0,12400000.0,748000000.0,15600000.0,85400000.0,,85400000.0,748000000.0,748000000.0,1281792000.0,1257928000.0,0.5825,0.595,748000000.0,748000000.0,,,748000000.0,748000000.0,,748000000.0,134900000.0,882900000.0,,,,12400000.0,,,,,140600000.0,106800000.0,33800000.0,,1810900000.0,1810900000.0,,,,111.61000061035156,800900000.0,649200000.0,800900000.0,785300000.0,1025600000.0,785300000.0,12200000.0,12200000.0,,,85400000.0,,785300000.0,376400000.0,235800000.0,33800000.0,1161700000.0,649200000.0,,,,85400000.0,,,,,,,,,,,
2025-07-21,AMAT,Purchase,1001,30.89261,0.35508,0.24669,28367998976.0,0.0,0.130102,,,1705000000.0,95000000.0,18000000.0,63000000.0,81000000.0,1705000000.0,1705000000.0,,,,,1705000000.0,1705000000.0,,,1705000000.0,1705000000.0,,1705000000.0,255000000.0,1960000000.0,,,,,,,,,427000000.0,205000000.0,222000000.0,,6778000000.0,6778000000.0,,,,191.68380737304688,2118000000.0,3573000000.0,2118000000.0,2023000000.0,4836000000.0,1942000000.0,,,,,18000000.0,63000000.0,1942000000.0,1263000000.0,836000000.0,222000000.0,3205000000.0,3573000000.0,,,,81000000.0,,,,,,,,,,,
2025-07-21,GOOGL,Purchase,1001,30.902176,0.3545,0.32233003,385476001792.0,,,,,,,,,,,,,,,,,,,,,,,,,,,,,,,,,,,,,,,,,,,189.9301300048828,,,,,,,,,,,,,,,,,,,,,-26000000.0,,,,,1641000000.0,,,,,,,
2025-07-21,AMD,Purchase,1001,114.51302,0.05317,0.10323,32027000832.0,,,,,,,,,,,,,,,,,,,,,,,,,,,,,,,,,,,,,,,,,,,157.0,,,,,,,,,,,,,,,,,,,,,,,,,-13000000.0,,,,,,,,
2024-12-11,LLY,Purchase,50001,48.66683,0.9647,0.30986,59419799552.0,,,,,,,,,,,,,,,,,,,,,,,,,,,,,,,,,,,,,,,,,,,790.136474609375,,,,,,,,,,,,,,,,,,,,435000000.0,,,,,,,,,,,,,
2025-07-31,WMT,Purchase,1001,39.784214,0.23661,0.03259,703060967424.0,,,,,,,,,,,,,,,,,,,,,,,,,,,,,,,,,,33236000000.0,,,,,,,,,97.75169372558594,,,,,,,,,,,,,,,,,,,,,,,,,,,,,,,,,
2025-07-08,GIGB,Purchase,1001,,,,,,,,,,,,,,,,,,,,,,,,,,,,,,,,,,,,,,,,,,,,,,,44.623355865478516,,,,,,,,,,,,,,,,,,,,,,,,,,,,,,,,,
2025-07-31,GE,Purchase,1001,38.305225,0.42131,0.18344,43949998080.0,,,,,,,,,,,,,,,,,,,,,,,,,,,,,,,,,,,,,,,,,,,270.7491455078125,,,,,,,,,,,,,,,,1026000000.0,,,,,,,,,,,,,,,,,
2025-07-29,META,Purchase,1001,29.453161,0.32643002,0.30892,189458006016.0,1320000.0,0.12,11000000.0,11000000.0,15688000000.0,4027000000.0,461000000.0,208000000.0,661000000.0,15678320000.0,15688000000.0,2600000000.0,2529000000.0,6.03,6.2,15688000000.0,15688000000.0,,,15688000000.0,15688000000.0,,15688000000.0,2134000000.0,17822000000.0,,,,11000000.0,,,,,4687000000.0,2822000000.0,1865000000.0,,40589000000.0,40155000000.0,,,,699.52783203125,22046000000.0,7375000000.0,22057000000.0,18030000000.0,23239000000.0,17350000000.0,11000000.0,,,,461000000.0,208000000.0,17350000000.0,15864000000.0,11177000000.0,1865000000.0,33214000000.0,7375000000.0,,,,661000000.0,-8000000.0,,,,,,,,,,
2025-07-29,GOOGL,Purchase,1001,30.900198,0.3545,0.32233003,385476001792.0,,,,,,,,,,,,,,,,,,,,,,,,,,,,,,,,,,,,,,,,,,,195.5750732421875,,,,,,,,,,,,,,,,,,,,,-26000000.0,,,,,1641000000.0,,,,,,,
2025-07-01,AXP,Purchase,15001,24.367695,0.33935001,0.16143999,65294000128.0,,,531000000.0,531000000.0,,,,,,,,,,,,,,,,,,,,,,531000000.0,,,,,,,,,,,,,,,,,320.9046630859375,,,,,,,,,531000000.0,,,,,,,,,,,,,,,,,,,,,,,,
2025-06-30,XONE,Purchase,15001,,,,,,,,,,,,,,,,,,,,,,,,,,,,,,,,,,,,,,,,,,,,,,,48.60215759277344,,,,,,,,,,,,,,,,,,,,,,,,,,,,,,,,,
2025-06-30,BSCV,Purchase,15001,,,,,,,,,,,,,,,,,,,,,,,,,,,,,,,,,,,,,,,,,,,,,,,16.211484909057617,,,,,,,,,,,,,,,,,,,,,,,,,,,,,,,,,
2025-05-30,RTX,Purchase,1001,34.99041,0.10702,0.07666,85987999744.0,,,,,,,,,,,,,,,,,,,,,,,,,,,,,,,,,,,,1008000000.0,-386000000.0,,,,,,135.3466339111328,,,,,,,,,,,,,,,,1394000000.0,,,,,,,,,,,,,,,,,
2025-05-13,NVDA,Purchase,1001,45.78657,1.07359,0.53007,187141996544.0,0.0,0.134746,,,19309000000.0,478000000.0,411000000.0,61000000.0,472000000.0,19309000000.0,19309000000.0,24774000000.0,24533000000.0,0.78,0.79,19309000000.0,19309000000.0,,,19309000000.0,19309000000.0,,19309000000.0,3007000000.0,22316000000.0,,,,,,,,,897000000.0,,,,35082000000.0,35082000000.0,,,,129.9064178466797,22855000000.0,8926000000.0,22855000000.0,22377000000.0,13213000000.0,21869000000.0,36000000.0,36000000.0,,,411000000.0,61000000.0,21869000000.0,4287000000.0,3390000000.0,,26156000000.0,8926000000.0,,,,472000000.0,,,,,,,,,,,
2025-05-30,META,Purchase,1001,29.447195,0.32643002,0.30892,189458006016.0,1320000.0,0.12,11000000.0,11000000.0,15688000000.0,4027000000.0,461000000.0,208000000.0,661000000.0,15678320000.0,15688000000.0,2600000000.0,2529000000.0,6.03,6.2,15688000000.0,15688000000.0,,,15688000000.0,15688000000.0,,15688000000.0,2134000000.0,17822000000.0,,,,11000000.0,,,,,4687000000.0,2822000000.0,1865000000.0,,40589000000.0,40155000000.0,,,,646.5557861328125,22046000000.0,7375000000.0,22057000000.0,18030000000.0,23239000000.0,17350000000.0,11000000.0,,,,461000000.0,208000000.0,17350000000.0,15864000000.0,11177000000.0,1865000000.0,33214000000.0,7375000000.0,,,,661000000.0,-8000000.0,,,,,,,,,,
2025-05-16,META,Purchase,1001,29.447195,0.32643002,0.30892,189458006016.0,1320000.0,0.12,11000000.0,11000000.0,15688000000.0,4027000000.0,461000000.0,208000000.0,661000000.0,15678320000.0,15688000000.0,2600000000.0,2529000000.0,6.03,6.2,15688000000.0,15688000000.0,,,15688000000.0,15688000000.0,,15688000000.0,2134000000.0,17822000000.0,,,,11000000.0,,,,,4687000000.0,2822000000.0,1865000000.0,,40589000000.0,40155000000.0,,,,639.4161376953125,22046000000.0,7375000000.0,22057000000.0,18030000000.0,23239000000.0,17350000000.0,11000000.0,,,,461000000.0,208000000.0,17350000000.0,15864000000.0,11177000000.0,1865000000.0,33214000000.0,7375000000.0,,,,661000000.0,-8000000.0,,,,,,,,,,
2025-05-20,HD,Purchase,1001,23.881912,1.62909,0.087740004,166189006848.0,0.0,0.244,,,3648000000.0,995000000.0,-595000000.0,625000000.0,30000000.0,3648000000.0,3648000000.0,993000000.0,991000000.0,3.67,3.68,3648000000.0,3648000000.0,,,3648000000.0,3648000000.0,,3648000000.0,1175000000.0,4823000000.0,,,,,795000000.0,795000000.0,,,7212000000.0,,,,40217000000.0,40217000000.0,,,,370.2129211425781,6443000000.0,26592000000.0,6443000000.0,5448000000.0,34799000000.0,5418000000.0,,,,,-595000000.0,625000000.0,5418000000.0,8007000000.0,,,13425000000.0,26792000000.0,,,,30000000.0,,,,,,,,,,,
2025-05-16,HD,Purchase,1001,23.881912,1.62909,0.087740004,166189006848.0,0.0,0.244,,,3648000000.0,995000000.0,-595000000.0,625000000.0,30000000.0,3648000000.0,3648000000.0,993000000.0,991000000.0,3.67,3.68,3648000000.0,3648000000.0,,,3648000000.0,3648000000.0,,3648000000.0,1175000000.0,4823000000.0,,,,,795000000.0,795000000.0,,,7212000000.0,,,,40217000000.0,40217000000.0,,,,373.87530517578125,6443000000.0,26592000000.0,6443000000.0,5448000000.0,34799000000.0,5418000000.0,,,,,-595000000.0,625000000.0,5418000000.0,8007000000.0,,,13425000000.0,26792000000.0,,,,30000000.0,,,,,,,,,,,
2025-05-13,AVGO,Purchase,1001,102.261536,0.27083,0.31592,59925999616.0,-63630000.0,0.21,-303000000.0,-303000000.0,-1432000000.0,2524000000.0,-1064000000.0,1064000000.0,,-1192630000.0,-1875000000.0,4663000000.0,4663000000.0,-0.4,-0.4,-1875000000.0,-1875000000.0,,,-1875000000.0,-1875000000.0,-443000000.0,-1432000000.0,4238000000.0,2806000000.0,-303000000.0,,303000000.0,,812000000.0,812000000.0,812000000.0,812000000.0,1100000000.0,,,,13072000000.0,13072000000.0,,,,231.47763061523438,6697000000.0,3004000000.0,6394000000.0,3870000000.0,8981000000.0,3788000000.0,-221000000.0,82000000.0,,,-1064000000.0,1064000000.0,4091000000.0,4265000000.0,2353000000.0,,8356000000.0,4716000000.0,,,,,,,,,,,,,,,
2025-05-20,ATO,Purchase,1001,22.548862,0.09323,0.2549,4702754816.0,,,,,,,,,,,,151297000.0,151271000.0,2.85,2.85,,,,,,,,,,,,,,,,,,,,,,,,,,,,156.50299072265625,,,,,,,,,,,,,,,,,,,,,,,,,,,,,,,,,
2025-05-16,AMZN,Purchase,1001,32.09901,0.24327,0.11063,691330023424.0,-2700449.076897,0.150025,-18000000.0,-18000000.0,15328000000.0,13442000000.0,653000000.0,603000000.0,1256000000.0,15343299550.923103,15328000000.0,10735000000.0,10501000000.0,1.43,1.46,15328000000.0,15328000000.0,,,15328000000.0,15328000000.0,,15328000000.0,2706000000.0,18037000000.0,,,,-18000000.0,,,,,13322000000.0,10609000000.0,2713000000.0,,158877000000.0,158877000000.0,,,,205.58999633789062,32100000000.0,80977000000.0,32082000000.0,18640000000.0,141466000000.0,17411000000.0,-27000000.0,-9000000.0,,,653000000.0,603000000.0,17411000000.0,60489000000.0,,2713000000.0,77900000000.0,80977000000.0,,,,1256000000.0,,,47167000000.0,,-3000000.0,,,,,,
2025-05-20,GOOGL,Purchase,1001,30.892294,0.3545,0.32233003,385476001792.0,,,,,,,,,,,,,,,,,,,,,,,,,,,,,,,,,,,,,,,,,,,163.6353759765625,,,,,,,,,,,,,,,,,,,,,-26000000.0,,,,,1641000000.0,,,,,,,
2025-06-11,TBLL,Purchase,1001,,,,,,,,,,,,,,,,,,,,,,,,,,,,,,,,,,,,,,,,,,,,,,,103.5667953491211,,,,,,,,,,,,,,,,,,,,,,,,,,,,,,,,,
2025-06-11,AVGO,Purchase,1001,102.2564,0.27083,0.31592,59925999616.0,-63630000.0,0.21,-303000000.0,-303000000.0,-1432000000.0,2524000000.0,-1064000000.0,1064000000.0,,-1192630000.0,-1875000000.0,4663000000.0,4663000000.0,-0.4,-0.4,-1875000000.0,-1875000000.0,,,-1875000000.0,-1875000000.0,-443000000.0,-1432000000.0,4238000000.0,2806000000.0,-303000000.0,,303000000.0,,812000000.0,812000000.0,812000000.0,812000000.0,1100000000.0,,,,13072000000.0,13072000000.0,,,,251.8845672607422,6697000000.0,3004000000.0,6394000000.0,3870000000.0,8981000000.0,3788000000.0,-221000000.0,82000000.0,,,-1064000000.0,1064000000.0,4091000000.0,4265000000.0,2353000000.0,,8356000000.0,4716000000.0,,,,,,,,,,,,,,,
2025-05-08,GOOG,Purchase,1001,30.866013,0.3545,0.32233003,385476001792.0,,,,,,,,,,,,,,,,,,,,,,,,,,,,,,,,,,,,,,,,,,,155.42410278320312,,,,,,,,,,,,,,,,,,,,,-26000000.0,,,,,1641000000.0,,,,,,,
2025-05-08,GOOG,Purchase,1001,30.866013,0.3545,0.32233003,385476001792.0,,,,,,,,,,,,,,,,,,,,,,,,,,,,,,,,,,,,,,,,,,,155.42410278320312,,,,,,,,,,,,,,,,,,,,,-26000000.0,,,,,1641000000.0,,,,,,,
2025-05-08,GOOG,Purchase,1001,30.866013,0.3545,0.32233003,385476001792.0,,,,,,,,,,,,,,,,,,,,,,,,,,,,,,,,,,,,,,,,,,,155.42410278320312,,,,,,,,,,,,,,,,,,,,,-26000000.0,,,,,1641000000.0,,,,,,,
2025-05-08,GOOG,Purchase,1001,30.866013,0.3545,0.32233003,385476001792.0,,,,,,,,,,,,,,,,,,,,,,,,,,,,,,,,,,,,,,,,,,,155.42410278320312,,,,,,,,,,,,,,,,,,,,,-26000000.0,,,,,1641000000.0,,,,,,,
2025-05-30,RTX,Purchase,1001,34.989754,0.10702,0.07666,85987999744.0,,,,,,,,,,,,,,,,,,,,,,,,,,,,,,,,,,,,1008000000.0,-386000000.0,,,,,,135.3466339111328,,,,,,,,,,,,,,,,1394000000.0,,,,,,,,,,,,,,,,,
2025-05-13,NVDA,Purchase,1001,45.771713,1.07359,0.53007,187141996544.0,0.0,0.134746,,,19309000000.0,478000000.0,411000000.0,61000000.0,472000000.0,19309000000.0,19309000000.0,24774000000.0,24533000000.0,0.78,0.79,19309000000.0,19309000000.0,,,19309000000.0,19309000000.0,,19309000000.0,3007000000.0,22316000000.0,,,,,,,,,897000000.0,,,,35082000000.0,35082000000.0,,,,129.9064178466797,22855000000.0,8926000000.0,22855000000.0,22377000000.0,13213000000.0,21869000000.0,36000000.0,36000000.0,,,411000000.0,61000000.0,21869000000.0,4287000000.0,3390000000.0,,26156000000.0,8926000000.0,,,,472000000.0,,,,,,,,,,,
2025-05-30,META,Purchase,1001,29.451172,0.32643002,0.30892,189458006016.0,1320000.0,0.12,11000000.0,11000000.0,15688000000.0,4027000000.0,461000000.0,208000000.0,661000000.0,15678320000.0,15688000000.0,2600000000.0,2529000000.0,6.03,6.2,15688000000.0,15688000000.0,,,15688000000.0,15688000000.0,,15688000000.0,2134000000.0,17822000000.0,,,,11000000.0,,,,,4687000000.0,2822000000.0,1865000000.0,,40589000000.0,40155000000.0,,,,646.5557861328125,22046000000.0,7375000000.0,22057000000.0,18030000000.0,23239000000.0,17350000000.0,11000000.0,,,,461000000.0,208000000.0,17350000000.0,15864000000.0,11177000000.0,1865000000.0,33214000000.0,7375000000.0,,,,661000000.0,-8000000.0,,,,,,,,,,
2025-05-16,META,Purchase,1001,29.451172,0.32643002,0.30892,189458006016.0,1320000.0,0.12,11000000.0,11000000.0,15688000000.0,4027000000.0,461000000.0,208000000.0,661000000.0,15678320000.0,15688000000.0,2600000000.0,2529000000.0,6.03,6.2,15688000000.0,15688000000.0,,,15688000000.0,15688000000.0,,15688000000.0,2134000000.0,17822000000.0,,,,11000000.0,,,,,4687000000.0,2822000000.0,1865000000.0,,40589000000.0,40155000000.0,,,,639.4161376953125,22046000000.0,7375000000.0,22057000000.0,18030000000.0,23239000000.0,17350000000.0,11000000.0,,,,461000000.0,208000000.0,17350000000.0,15864000000.0,11177000000.0,1865000000.0,33214000000.0,7375000000.0,,,,661000000.0,-8000000.0,,,,,,,,,,
2025-05-20,HD,Purchase,1001,23.881912,1.62909,0.087740004,166189006848.0,0.0,0.244,,,3648000000.0,995000000.0,-595000000.0,625000000.0,30000000.0,3648000000.0,3648000000.0,993000000.0,991000000.0,3.67,3.68,3648000000.0,3648000000.0,,,3648000000.0,3648000000.0,,3648000000.0,1175000000.0,4823000000.0,,,,,795000000.0,795000000.0,,,7212000000.0,,,,40217000000.0,40217000000.0,,,,370.2129211425781,6443000000.0,26592000000.0,6443000000.0,5448000000.0,34799000000.0,5418000000.0,,,,,-595000000.0,625000000.0,5418000000.0,8007000000.0,,,13425000000.0,26792000000.0,,,,30000000.0,,,,,,,,,,,
2025-05-16,HD,Purchase,1001,23.881912,1.62909,0.087740004,166189006848.0,0.0,0.244,,,3648000000.0,995000000.0,-595000000.0,625000000.0,30000000.0,3648000000.0,3648000000.0,993000000.0,991000000.0,3.67,3.68,3648000000.0,3648000000.0,,,3648000000.0,3648000000.0,,3648000000.0,1175000000.0,4823000000.0,,,,,795000000.0,795000000.0,,,7212000000.0,,,,40217000000.0,40217000000.0,,,,373.87530517578125,6443000000.0,26592000000.0,6443000000.0,5448000000.0,34799000000.0,5418000000.0,,,,,-595000000.0,625000000.0,5418000000.0,8007000000.0,,,13425000000.0,26792000000.0,,,,30000000.0,,,,,,,,,,,
2025-05-20,ATO,Purchase,1001,22.548862,0.09323,0.2549,4702754816.0,,,,,,,,,,,,151297000.0,151271000.0,2.85,2.85,,,,,,,,,,,,,,,,,,,,,,,,,,,,156.50299072265625,,,,,,,,,,,,,,,,,,,,,,,,,,,,,,,,,
2025-05-16,AMZN,Purchase,1001,32.09901,0.24327,0.11063,691330023424.0,-2700449.076897,0.150025,-18000000.0,-18000000.0,15328000000.0,13442000000.0,653000000.0,603000000.0,1256000000.0,15343299550.923103,15328000000.0,10735000000.0,10501000000.0,1.43,1.46,15328000000.0,15328000000.0,,,15328000000.0,15328000000.0,,15328000000.0,2706000000.0,18037000000.0,,,,-18000000.0,,,,,13322000000.0,10609000000.0,2713000000.0,,158877000000.0,158877000000.0,,,,205.58999633789062,32100000000.0,80977000000.0,32082000000.0,18640000000.0,141466000000.0,17411000000.0,-27000000.0,-9000000.0,,,653000000.0,603000000.0,17411000000.0,60489000000.0,,2713000000.0,77900000000.0,80977000000.0,,,,1256000000.0,,,47167000000.0,,-3000000.0,,,,,,
2025-05-20,GOOGL,Purchase,1001,30.896246,0.3545,0.32233003,385476001792.0,,,,,,,,,,,,,,,,,,,,,,,,,,,,,,,,,,,,,,,,,,,163.6353759765625,,,,,,,,,,,,,,,,,,,,,-26000000.0,,,,,1641000000.0,,,,,,,
2025-05-08,GOOGL,Purchase,1001,30.896246,0.3545,0.32233003,385476001792.0,,,,,,,,,,,,,,,,,,,,,,,,,,,,,,,,,,,,,,,,,,,153.9557647705078,,,,,,,,,,,,,,,,,,,,,-26000000.0,,,,,1641000000.0,,,,,,,
2025-05-19,LBRDK,Purchase,250001,5.6938777,0.1294,0.77559,1016000000.0,,,,,,52000000.0,,,,,,143000000.0,143000000.0,1.36,1.36,,,,,,,,,,,,,,,52000000.0,52000000.0,,,,,,,,,,,,92.77153778076172,,,,,,,,,,,,,,,,,,,,,,,,,62000000.0,,,,,,,,
2025-05-13,ADBE,Purchase,15001,21.22333,0.52875,0.30012,23181000704.0,,,,,,,,,,,,,,,,,,,,,,,,,,,,,,,,,,,,,,,,,,,397.3999938964844,,,,,,,,82000000.0,,,,,,,,,,,,,,,,,,,,,,,,,
2025-05-13,AMAT,Purchase,15001,30.87067,0.35508,0.24669,28367998976.0,0.0,0.130102,,,1705000000.0,95000000.0,18000000.0,63000000.0,81000000.0,1705000000.0,1705000000.0,,,,,1705000000.0,1705000000.0,,,1705000000.0,1705000000.0,,1705000000.0,255000000.0,1960000000.0,,,,,,,,,427000000.0,205000000.0,222000000.0,,6778000000.0,6778000000.0,,,,171.709716796875,2118000000.0,3573000000.0,2118000000.0,2023000000.0,4836000000.0,1942000000.0,,,,,18000000.0,63000000.0,1942000000.0,1263000000.0,836000000.0,222000000.0,3205000000.0,3573000000.0,,,,81000000.0,,,,,,,,,,,
2025-05-13,CSX,Purchase,15001,23.67208,0.22589001,0.20548001,14122999808.0,,,1000000.0,1000000.0,,,,,,,,,,,,,,,,,,,,,,1000000.0,,,,,,,,,,,,,,,,,30.1810245513916,,,,,,,,,,,,,,,,,,,,,,,,1000000.0,,,,,,,,,
2025-05-13,CVX,Purchase,50001,20.825598,0.07316,0.06767,188687007744.0,0.0,0.307135,,,4487000000.0,4230000000.0,-164000000.0,164000000.0,,4487000000.0,4487000000.0,1807030000.0,1800336000.0,2.48,2.49,4487000000.0,4487000000.0,,,4487000000.0,4496000000.0,,4496000000.0,1993000000.0,6489000000.0,,,,,,,,,1191000000.0,,,,48926000000.0,48926000000.0,,,,137.55239868164062,10883000000.0,34664000000.0,10883000000.0,6653000000.0,43967000000.0,,1694000000.0,433000000.0,,,-164000000.0,164000000.0,4959000000.0,9303000000.0,,,14262000000.0,34664000000.0,-9000000.0,,1261000000.0,,,,6849000000.0,,,1263000000.0,,,,,
2025-05-13,COP,Purchase,15001,13.112994,0.15421,0.14445,61280002048.0,,,,,,,,,,,,,,,,,,9000000.0,,,,,,,,,,,,,,,,,,,,,,,,,91.75989532470703,,,,,,,,,,,,,,,,,,,,0.0,,,,,,,,,,,,,
2025-05-13,LPLA,Purchase,15001,34.41278,0.2132,0.05494,15163188224.0,0.0,0.265,,,255303000.0,110799000.0,-67779000.0,67779000.0,,255303000.0,255303000.0,75405000.0,74776000.0,3.39,3.41,255303000.0,255303000.0,,,255303000.0,255303000.0,,255303000.0,92045000.0,347348000.0,,,,,110799000.0,110799000.0,32461000.0,32461000.0,278628000.0,164538000.0,114090000.0,,3108394000.0,3064971000.0,,,,382.06640625,525926000.0,2244116000.0,525926000.0,415127000.0,2693267000.0,,,,,,-67779000.0,67779000.0,415127000.0,449151000.0,,44211000.0,864278000.0,2244116000.0,,,,,,,59724000.0,,,,,69879000.0,78338000.0,69879000.0,
2025-05-13,LHX,Purchase,15001,30.162367,0.091309994,0.08091,21739999232.0,,,-40000000.0,-40000000.0,,,,,,,,,,,,,,,,,,,,,,-40000000.0,,40000000.0,,197000000.0,197000000.0,197000000.0,197000000.0,,113000000.0,,,,,,,,215.44009399414062,,,,,,,,,0.0,,,,,,114000000.0,,,,,,,,,,,,,,,,,,
2025-05-13,LRCX,Purchase,15001,35.934734,0.62261003,0.29657,19591788544.0,,,,,,,,,,,,,,,,,,,,,,,,,,768000.0,,-768000.0,,,,,,,,,,,,,,,84.73131561279297,,,,,,,,,,,,,,,,,,,,,,,,,,,,,,,,,
2025-05-13,TXN,Purchase,15001,32.94991,0.29757,0.29208001,17265999872.0,,,,,,,,,,,,,,,,,,,,,,,,,,,,,,,,,,,,,,,,,,,185.19644165039062,,,,,,,,,,,,,,,,,,,,,,,,,,-5000000.0,,,,,,,
2025-05-13,TMO,Purchase,15001,32.81734,0.13116999,0.15022,43735998464.0,-2557405.281286,0.056831,-45000000.0,-45000000.0,1630000000.0,739000000.0,-79000000.0,356000000.0,277000000.0,1672442594.718714,1630000000.0,384000000.0,382000000.0,4.25,4.26,1630000000.0,1630000000.0,,,1630000000.0,1629000000.0,,1629000000.0,99000000.0,1742000000.0,-45000000.0,,45000000.0,,,,,,2098000000.0,,,,10598000000.0,10598000000.0,,,,428.1216125488281,2882000000.0,6270000000.0,2837000000.0,2098000000.0,8714000000.0,1838000000.0,-61000000.0,-16000000.0,,,-79000000.0,356000000.0,1884000000.0,2444000000.0,346000000.0,,4328000000.0,6270000000.0,0.0,,,277000000.0,,,,,-14000000.0,,,,,,
2025-05-13,VLO,Purchase,50001,36.114346,0.052389998,0.01283,116552998912.0,,,0.0,0.0,,,,,,,,,,,,,,,,,,,,,,0.0,,,,,,,,,,,,,,,,,132.05447387695312,,,,,,,,,,0.0,,,,,,,,,,,,,,,,,,,,,,,
2025-05-13,ZTS,Purchase,50001,20.022726,0.49868,0.28211,9397000192.0,,,,,,,,,,,,,,,,,,,,,,,,,,,,,,,,,,,,,,,,,,,159.32066345214844,,,,,,,,2000000.0,-22000000.0,0.0,,,,,,,,,,11000000.0,,,,-4000000.0,,,,,,,,,
2025-05-15,GOOG,Purchase,1001,30.863056,0.3545,0.32233003,385476001792.0,,,,,,,,,,,,,,,,,,,,,,,,,,,,,,,,,,,,,,,,,,,165.05389404296875,,,,,,,,,,,,,,,,,,,,,-26000000.0,,,,,1641000000.0,,,,,,,
2025-05-09,LBRDK,Purchase,250001,5.6938777,0.1294,0.77559,1016000000.0,,,,,,52000000.0,,,,,,143000000.0,143000000.0,1.36,1.36,,,,,,,,,,,,,,,52000000.0,52000000.0,,,,,,,,,,,,87.0505599975586,,,,,,,,,,,,,,,,,,,,,,,,,62000000.0,,,,,,,,
2025-05-09,LBRDK,Purchase,100001,5.6938777,0.1294,0.77559,1016000000.0,,,,,,52000000.0,,,,,,143000000.0,143000000.0,1.36,1.36,,,,,,,,,,,,,,,52000000.0,52000000.0,,,,,,,,,,,,87.0505599975586,,,,,,,,,,,,,,,,,,,,,,,,,62000000.0,,,,,,,,
2025-05-09,FWONK,Purchase,100001,,0.0273,0.05495,4040000000.0,,,,,,,,,,,,,,,,,,,,,,,,,,,,9000000.0,,,,,,,,,,,,,,,95.33999633789062,,,,,,,,,,9000000.0,,,,,,,,,,,,,,,1000000.0,0.0,,,,,,,
2025-04-15,USIG,Purchase,50001,,,,,,,,,,,,,,,,,,,,,,,,,,,,,,,,,,,,,,,,,,,,,,,48.6551628112793,,,,,,,,,,,,,,,,,,,,,,,,,,,,,,,,,
2025-04-16,UNH,Purchase,1001,16.905163,0.17476,0.04042,435159007232.0,,,,,,,,,,,,,,,,,,,,,,,,,,,,,1011000000.0,,,,,,,,,,,,,,577.2742309570312,,,,,,,,,,,,,,,,,,,,,,,,,,,,,,,,,
2025-04-16,ORCL,Purchase,1001,50.635105,0.69241995,0.21079999,59017998336.0,,,,,,,,,,,,2834000000.0,2753000000.0,1.11,1.14,,,,,,,,,,,,,,,,,,,,,,,,,,,,129.2605438232422,,,,,,,,,,,,,,,,,,,,,,,,,,,,,,,,,
2025-04-22,MSFT,Purchase,1001,34.836414,0.32241002,0.35707,293812011008.0,57190000.0,0.19,301000000.0,301000000.0,24667000000.0,7383000000.0,99000000.0,582000000.0,681000000.0,24423190000.0,24667000000.0,7470000000.0,7433000000.0,3.3,3.32,24667000000.0,24667000000.0,,,24667000000.0,24667000000.0,,24667000000.0,5602000000.0,30269000000.0,-7000000.0,,,308000000.0,,,,,7390000000.0,5717000000.0,1673000000.0,,65585000000.0,65585000000.0,,,,364.864013671875,37933000000.0,20099000000.0,38234000000.0,30851000000.0,35033000000.0,30552000000.0,-382000000.0,-683000000.0,,7000000.0,99000000.0,582000000.0,30552000000.0,14934000000.0,7544000000.0,1673000000.0,45486000000.0,20099000000.0,,,,681000000.0,,,,,,,,,,,
2025-04-16,MSFT,Purchase,1001,34.836414,0.32241002,0.35707,293812011008.0,57190000.0,0.19,301000000.0,301000000.0,24667000000.0,7383000000.0,99000000.0,582000000.0,681000000.0,24423190000.0,24667000000.0,7470000000.0,7433000000.0,3.3,3.32,24667000000.0,24667000000.0,,,24667000000.0,24667000000.0,,24667000000.0,5602000000.0,30269000000.0,-7000000.0,,,308000000.0,,,,,7390000000.0,5717000000.0,1673000000.0,,65585000000.0,65585000000.0,,,,369.62841796875,37933000000.0,20099000000.0,38234000000.0,30851000000.0,35033000000.0,30552000000.0,-382000000.0,-683000000.0,,7000000.0,99000000.0,582000000.0,30552000000.0,14934000000.0,7544000000.0,1673000000.0,45486000000.0,20099000000.0,,,,681000000.0,,,,,,,,,,,
2025-04-15,META,Purchase,1001,29.453823,0.32643002,0.30892,189458006016.0,1320000.0,0.12,11000000.0,11000000.0,15688000000.0,4027000000.0,461000000.0,208000000.0,661000000.0,15678320000.0,15688000000.0,2600000000.0,2529000000.0,6.03,6.2,15688000000.0,15688000000.0,,,15688000000.0,15688000000.0,,15688000000.0,2134000000.0,17822000000.0,,,,11000000.0,,,,,4687000000.0,2822000000.0,1865000000.0,,40589000000.0,40155000000.0,,,,520.767578125,22046000000.0,7375000000.0,22057000000.0,18030000000.0,23239000000.0,17350000000.0,11000000.0,,,,461000000.0,208000000.0,17350000000.0,15864000000.0,11177000000.0,1865000000.0,33214000000.0,7375000000.0,,,,661000000.0,-8000000.0,,,,,,,,,,
2025-04-09,HYG,Purchase,1001,11.072279,,,,,,,,,,,,,,,,,,,,,,,,,,,,,,,,,,,,,,,,,,,,,,74.82140350341797,,,,,,,,,,,,,,,,,,,,,,,,,,,,,,,,,
2025-04-08,FTGC,Purchase,1001,,,,,,,,,,,,,,,,,,,,,,,,,,,,,,,,,,,,,,,,,,,,,,,22.80448341369629,,,,,,,,,,,,,,,,,,,,,,,,,,,,,,,,,
2025-04-08,AVGO,Purchase,1001,102.27915,0.27083,0.31592,59925999616.0,-63630000.0,0.21,-303000000.0,-303000000.0,-1432000000.0,2524000000.0,-1064000000.0,1064000000.0,,-1192630000.0,-1875000000.0,4663000000.0,4663000000.0,-0.4,-0.4,-1875000000.0,-1875000000.0,,,-1875000000.0,-1875000000.0,-443000000.0,-1432000000.0,4238000000.0,2806000000.0,-303000000.0,,303000000.0,,812000000.0,812000000.0,812000000.0,812000000.0,1100000000.0,,,,13072000000.0,13072000000.0,,,,155.39735412597656,6697000000.0,3004000000.0,6394000000.0,3870000000.0,8981000000.0,3788000000.0,-221000000.0,82000000.0,,,-1064000000.0,1064000000.0,4091000000.0,4265000000.0,2353000000.0,,8356000000.0,4716000000.0,,,,,,,,,,,,,,,
2025-04-21,NLY,Purchase,1001,10.039824,0.10944,0.85565,1748173952.0,,,,,,,,,,,,,,,,,,,,,,,,,,,,,,,,,,,,,,,,,,,16.388286590576172,,,,,,,,23367000.0,,,,,,,,,,,,,,,,,,,,,,,,,
2025-04-29,GOOGL,Purchase,1001,30.886364,0.3545,0.32233003,385476001792.0,,,,,,,,,,,,,,,,,,,,,,,,,,,,,,,,,,,,,,,,,,,159.8234100341797,,,,,,,,,,,,,,,,,,,,,-26000000.0,,,,,1641000000.0,,,,,,,
2025-04-09,BITB,Purchase,15001,,,,,,,,,,,,,,,,,,,,,,,,,,,,,,,,,,,,,,,,,,,,,,,44.77000045776367,,,,,,,,,,,,,,,,,,,,,,,,,,,,,,,,,
2025-04-07,BITB,Purchase,15001,,,,,,,,,,,,,,,,,,,,,,,,,,,,,,,,,,,,,,,,,,,,,,,42.43000030517578,,,,,,,,,,,,,,,,,,,,,,,,,,,,,,,,,
2025-04-03,BITB,Purchase,15001,,,,,,,,,,,,,,,,,,,,,,,,,,,,,,,,,,,,,,,,,,,,,,,44.59000015258789,,,,,,,,,,,,,,,,,,,,,,,,,,,,,,,,,
2025-04-02,BITB,Purchase,15001,,,,,,,,,,,,,,,,,,,,,,,,,,,,,,,,,,,,,,,,,,,,,,,47.33000183105469,,,,,,,,,,,,,,,,,,,,,,,,,,,,,,,,,
2025-03-31,BITB,Purchase,15001,,,,,,,,,,,,,,,,,,,,,,,,,,,,,,,,,,,,,,,,,,,,,,,44.880001068115234,,,,,,,,,,,,,,,,,,,,,,,,,,,,,,,,,
2025-03-27,BITB,Purchase,50001,,,,,,,,,,,,,,,,,,,,,,,,,,,,,,,,,,,,,,,,,,,,,,,47.380001068115234,,,,,,,,,,,,,,,,,,,,,,,,,,,,,,,,,
2025-03-25,BITB,Purchase,50001,,,,,,,,,,,,,,,,,,,,,,,,,,,,,,,,,,,,,,,,,,,,,,,48.0,,,,,,,,,,,,,,,,,,,,,,,,,,,,,,,,,
2025-03-24,BITB,Purchase,15001,,,,,,,,,,,,,,,,,,,,,,,,,,,,,,,,,,,,,,,,,,,,,,,48.040000915527344,,,,,,,,,,,,,,,,,,,,,,,,,,,,,,,,,
2025-03-19,TBLL,Purchase,1001,,,,,,,,,,,,,,,,,,,,,,,,,,,,,,,,,,,,,,,,,,,,,,,102.61287689208984,,,,,,,,,,,,,,,,,,,,,,,,,,,,,,,,,
2025-03-05,TBLL,Purchase,1001,,,,,,,,,,,,,,,,,,,,,,,,,,,,,,,,,,,,,,,,,,,,,,,102.44793701171875,,,,,,,,,,,,,,,,,,,,,,,,,,,,,,,,,
2025-03-19,AMAT,Purchase,1001,30.860277,0.35508,0.24669,28367998976.0,0.0,0.130102,,,1705000000.0,95000000.0,18000000.0,63000000.0,81000000.0,1705000000.0,1705000000.0,,,,,1705000000.0,1705000000.0,,,1705000000.0,1705000000.0,,1705000000.0,255000000.0,1960000000.0,,,,,,,,,427000000.0,205000000.0,222000000.0,,6778000000.0,6778000000.0,,,,153.2814178466797,2118000000.0,3573000000.0,2118000000.0,2023000000.0,4836000000.0,1942000000.0,,,,,18000000.0,63000000.0,1942000000.0,1263000000.0,836000000.0,222000000.0,3205000000.0,3573000000.0,,,,81000000.0,,,,,,,,,,,
2025-03-19,COF,Purchase,15001,78.70648,0.01615,0.04899,28885999616.0,,,-42000000.0,-42000000.0,,,,,,,,,,,,,,,,,,,,,,-42000000.0,42000000.0,0.0,,,,,,,,,,,,,,,170.93377685546875,,,,,,,,,,,,,,,,,,,,,,,,,,,,,,,,,
2025-03-26,META,Purchase,1001,29.44366,0.32643002,0.30892,189458006016.0,1320000.0,0.12,11000000.0,11000000.0,15688000000.0,4027000000.0,461000000.0,208000000.0,661000000.0,15678320000.0,15688000000.0,2600000000.0,2529000000.0,6.03,6.2,15688000000.0,15688000000.0,,,15688000000.0,15688000000.0,,15688000000.0,2134000000.0,17822000000.0,,,,11000000.0,,,,,4687000000.0,2822000000.0,1865000000.0,,40589000000.0,40155000000.0,,,,610.0984497070312,22046000000.0,7375000000.0,22057000000.0,18030000000.0,23239000000.0,17350000000.0,11000000.0,,,,461000000.0,208000000.0,17350000000.0,15864000000.0,11177000000.0,1865000000.0,33214000000.0,7375000000.0,,,,661000000.0,-8000000.0,,,,,,,,,,
2025-03-26,CEG,Purchase,1001,40.773445,0.19839,0.11026,24841000960.0,,,,,,,,,,,,,,,,,,,,,,,,,,0.0,,,,,,,,2000000.0,,2000000.0,2000000.0,,,,,,216.16505432128906,,,,,,,,,,,,,,,,,,,,,,,,0.0,,,,,,,,,
2025-03-20,BITB,Purchase,50001,,,,,,,,,,,,,,,,,,,,,,,,,,,,,,,,,,,,,,,,,,,,,,,45.810001373291016,,,,,,,,,,,,,,,,,,,,,,,,,,,,,,,,,
2025-03-13,BITB,Purchase,15001,,,,,,,,,,,,,,,,,,,,,,,,,,,,,,,,,,,,,,,,,,,,,,,43.61000061035156,,,,,,,,,,,,,,,,,,,,,,,,,,,,,,,,,
2025-03-11,BITB,Purchase,15001,,,,,,,,,,,,,,,,,,,,,,,,,,,,,,,,,,,,,,,,,,,,,,,45.209999084472656,,,,,,,,,,,,,,,,,,,,,,,,,,,,,,,,,
2025-03-10,BITB,Purchase,50001,,,,,,,,,,,,,,,,,,,,,,,,,,,,,,,,,,,,,,,,,,,,,,,42.9900016784668,,,,,,,,,,,,,,,,,,,,,,,,,,,,,,,,,
2025-03-05,BITB,Purchase,15001,,,,,,,,,,,,,,,,,,,,,,,,,,,,,,,,,,,,,,,,,,,,,,,49.25,,,,,,,,,,,,,,,,,,,,,,,,,,,,,,,,,
2025-03-03,BITB,Purchase,50001,,,,,,,,,,,,,,,,,,,,,,,,,,,,,,,,,,,,,,,,,,,,,,,46.790000915527344,,,,,,,,,,,,,,,,,,,,,,,,,,,,,,,,,
2025-02-28,BITB,Purchase,15001,,,,,,,,,,,,,,,,,,,,,,,,,,,,,,,,,,,,,,,,,,,,,,,45.84000015258789,,,,,,,,,,,,,,,,,,,,,,,,,,,,,,,,,
2025-02-27,BITB,Purchase,50001,,,,,,,,,,,,,,,,,,,,,,,,,,,,,,,,,,,,,,,,,,,,,,,45.36000061035156,,,,,,,,,,,,,,,,,,,,,,,,,,,,,,,,,
2025-02-26,BITB,Purchase,15001,,,,,,,,,,,,,,,,,,,,,,,,,,,,,,,,,,,,,,,,,,,,,,,45.88999938964844,,,,,,,,,,,,,,,,,,,,,,,,,,,,,,,,,
2025-02-25,BITB,Purchase,50001,,,,,,,,,,,,,,,,,,,,,,,,,,,,,,,,,,,,,,,,,,,,,,,47.91999816894531,,,,,,,,,,,,,,,,,,,,,,,,,,,,,,,,,
2025-03-03,WFC,Purchase,1001,14.824547,0.115200005,0.26629,79072002048.0,0.0,0.172,,,5114000000.0,1783000000.0,11690000000.0,11308000000.0,22998000000.0,5114000000.0,5114000000.0,3425100000.0,3384800000.0,1.42,1.43,4852000000.0,4852000000.0,,262000000.0,5114000000.0,5170000000.0,,5170000000.0,1064000000.0,6234000000.0,,,,-190000000.0,,,,,8948000000.0,205000000.0,8743000000.0,8591000000.0,20366000000.0,20366000000.0,1928000000.0,1130000000.0,1061000000.0,75.76393127441406,,,,,,,,,,,,,,,,,,,-56000000.0,,,,,,,,,,,152000000.0,,152000000.0,
2025-02-25,URNM,Purchase,1001,11.939791,,,,,,,,,,,,,,,,,,,,,,,,,,,,,,,,,,,,,,,,,,,,,,35.29999923706055,,,,,,,,,,,,,,,,,,,,,,,,,,,,,,,,,
2025-02-26,LITP,Purchase,1001,35.42236,,,,,,,,,,,,,,,,,,,,,,,,,,,,,,,,,,,,,,,,,,,,,,6.329999923706055,,,,,,,,,,,,,,,,,,,,,,,,,,,,,,,,,
2025-02-26,NVDA,Purchase,1001,45.76054,1.07359,0.53007,187141996544.0,0.0,0.134746,,,19309000000.0,478000000.0,411000000.0,61000000.0,472000000.0,19309000000.0,19309000000.0,24774000000.0,24533000000.0,0.78,0.79,19309000000.0,19309000000.0,,,19309000000.0,19309000000.0,,19309000000.0,3007000000.0,22316000000.0,,,,,,,,,897000000.0,,,,35082000000.0,35082000000.0,,,,131.24411010742188,22855000000.0,8926000000.0,22855000000.0,22377000000.0,13213000000.0,21869000000.0,36000000.0,36000000.0,,,411000000.0,61000000.0,21869000000.0,4287000000.0,3390000000.0,,26156000000.0,8926000000.0,,,,472000000.0,,,,,,,,,,,
2025-02-26,MSI,Purchase,1001,29.80753,1.1517,0.18704,11313000448.0,,,,,,,,,,,,,,,,,,,,,,,,,,,,,,,,,,,,397000000.0,-32000000.0,,,,,,423.0666809082031,,,,,,,,,,,,,,,,397000000.0,,,,,-2000000.0,,,,,,,,,,,,
2025-02-14,MSFT,Purchase,1001,34.843525,0.32241002,0.35707,293812011008.0,57190000.0,0.19,301000000.0,301000000.0,24667000000.0,7383000000.0,99000000.0,582000000.0,681000000.0,24423190000.0,24667000000.0,7470000000.0,7433000000.0,3.3,3.32,24667000000.0,24667000000.0,,,24667000000.0,24667000000.0,,24667000000.0,5602000000.0,30269000000.0,-7000000.0,,,308000000.0,,,,,7390000000.0,5717000000.0,1673000000.0,,65585000000.0,65585000000.0,,,,405.43914794921875,37933000000.0,20099000000.0,38234000000.0,30851000000.0,35033000000.0,30552000000.0,-382000000.0,-683000000.0,,7000000.0,99000000.0,582000000.0,30552000000.0,14934000000.0,7544000000.0,1673000000.0,45486000000.0,20099000000.0,,,,681000000.0,,,,,,,,,,,
2025-02-05,MSFT,Purchase,1001,34.843525,0.32241002,0.35707,293812011008.0,57190000.0,0.19,301000000.0,301000000.0,24667000000.0,7383000000.0,99000000.0,582000000.0,681000000.0,24423190000.0,24667000000.0,7470000000.0,7433000000.0,3.3,3.32,24667000000.0,24667000000.0,,,24667000000.0,24667000000.0,,24667000000.0,5602000000.0,30269000000.0,-7000000.0,,,308000000.0,,,,,7390000000.0,5717000000.0,1673000000.0,,65585000000.0,65585000000.0,,,,410.2635803222656,37933000000.0,20099000000.0,38234000000.0,30851000000.0,35033000000.0,30552000000.0,-382000000.0,-683000000.0,,7000000.0,99000000.0,582000000.0,30552000000.0,14934000000.0,7544000000.0,1673000000.0,45486000000.0,20099000000.0,,,,681000000.0,,,,,,,,,,,
2025-02-05,MA,Purchase,1001,34.36909,1.8486099,0.45275003,31473999872.0,-27768000.0,0.156,-178000000.0,-178000000.0,3263000000.0,225000000.0,-159000000.0,159000000.0,,3413232000.0,3263000000.0,925000000.0,923000000.0,3.53,3.54,3263000000.0,3263000000.0,,,3263000000.0,3263000000.0,,3263000000.0,603000000.0,3866000000.0,-176000000.0,176000000.0,,-2000000.0,225000000.0,225000000.0,,,1049000000.0,220000000.0,829000000.0,,7369000000.0,7369000000.0,,,,563.884765625,4428000000.0,1899000000.0,4250000000.0,4025000000.0,3173000000.0,4004000000.0,-171000000.0,7000000.0,,,-159000000.0,159000000.0,4196000000.0,1274000000.0,,829000000.0,5470000000.0,1899000000.0,,,,,,,,,,,,,,,
2025-02-26,TBLL,Purchase,1001,,,,,,,,,,,,,,,,,,,,,,,,,,,,,,,,,,,,,,,,,,,,,,,102.35575866699219,,,,,,,,,,,,,,,,,,,,,,,,,,,,,,,,,
2025-02-26,ECL,Purchase,1001,37.058926,0.21869,0.12489,15890400256.0,83040514.534589,0.249671,332600000.0,332600000.0,736500000.0,230100000.0,-70400000.0,86400000.0,16000000.0,486940514.534589,736500000.0,286000000.0,283600000.0,2.58,2.6,736500000.0,736500000.0,,,736500000.0,740800000.0,,740800000.0,246500000.0,987300000.0,332600000.0,27500000.0,3900000.0,,,,,,1024800000.0,,,,3998500000.0,3998500000.0,,,,264.49639892578125,971200000.0,2261500000.0,1303800000.0,1073700000.0,3286300000.0,1044800000.0,345500000.0,12900000.0,364000000.0,,-70400000.0,86400000.0,712200000.0,1024800000.0,,,1737000000.0,2261500000.0,-4300000.0,,,16000000.0,,,,,,,,,,,
2025-02-13,BSX,Purchase,1001,50.096256,0.12488,0.1443,19349000192.0,,,,,,,,,,,,,,,,,,,,,,,,,,,,,,,,,,,,,,,,,,,106.13999938964844,,,,,,,,,,,,,,,,,,,,276000000.0,,,,,,,,,,,,,
2025-02-26,AXP,Purchase,1001,24.346548,0.33935001,0.16143999,65294000128.0,,,531000000.0,531000000.0,,,,,,,,,,,,,,,,,,,,,,531000000.0,,,,,,,,,,,,,,,,,293.633056640625,,,,,,,,,531000000.0,,,,,,,,,,,,,,,,,,,,,,,,
2025-02-05,AXP,Purchase,1001,24.346548,0.33935001,0.16143999,65294000128.0,,,531000000.0,531000000.0,,,,,,,,,,,,,,,,,,,,,,531000000.0,,,,,,,,,,,,,,,,,317.8594665527344,,,,,,,,,531000000.0,,,,,,,,,,,,,,,,,,,,,,,,
2025-02-26,AMZN,Purchase,1001,32.09335,0.24327,0.11063,691330023424.0,-2700449.076897,0.150025,-18000000.0,-18000000.0,15328000000.0,13442000000.0,653000000.0,603000000.0,1256000000.0,15343299550.923103,15328000000.0,10735000000.0,10501000000.0,1.43,1.46,15328000000.0,15328000000.0,,,15328000000.0,15328000000.0,,15328000000.0,2706000000.0,18037000000.0,,,,-18000000.0,,,,,13322000000.0,10609000000.0,2713000000.0,,158877000000.0,158877000000.0,,,,214.35000610351562,32100000000.0,80977000000.0,32082000000.0,18640000000.0,141466000000.0,17411000000.0,-27000000.0,-9000000.0,,,653000000.0,603000000.0,17411000000.0,60489000000.0,,2713000000.0,77900000000.0,80977000000.0,,,,1256000000.0,,,47167000000.0,,-3000000.0,,,,,,
2025-02-04,AMZN,Purchase,1001,32.09335,0.24327,0.11063,691330023424.0,-2700449.076897,0.150025,-18000000.0,-18000000.0,15328000000.0,13442000000.0,653000000.0,603000000.0,1256000000.0,15343299550.923103,15328000000.0,10735000000.0,10501000000.0,1.43,1.46,15328000000.0,15328000000.0,,,15328000000.0,15328000000.0,,15328000000.0,2706000000.0,18037000000.0,,,,-18000000.0,,,,,13322000000.0,10609000000.0,2713000000.0,,158877000000.0,158877000000.0,,,,242.05999755859375,32100000000.0,80977000000.0,32082000000.0,18640000000.0,141466000000.0,17411000000.0,-27000000.0,-9000000.0,,,653000000.0,603000000.0,17411000000.0,60489000000.0,,2713000000.0,77900000000.0,80977000000.0,,,,1256000000.0,,,47167000000.0,,-3000000.0,,,,,,
2025-02-13,GOOGL,Purchase,1001,30.88834,0.3545,0.32233003,385476001792.0,,,,,,,,,,,,,,,,,,,,,,,,,,,,,,,,,,,,,,,,,,,185.5351104736328,,,,,,,,,,,,,,,,,,,,,-26000000.0,,,,,1641000000.0,,,,,,,
2025-02-04,CEG,Purchase,1001,40.740276,0.19839,0.11026,24841000960.0,,,,,,,,,,,,,,,,,,,,,,,,,,0.0,,,,,,,,2000000.0,,2000000.0,2000000.0,,,,,,304.62335205078125,,,,,,,,,,,,,,,,,,,,,,,,0.0,,,,,,,,,
2025-02-26,BITB,Purchase,15001,,,,,,,,,,,,,,,,,,,,,,,,,,,,,,,,,,,,,,,,,,,,,,,45.88999938964844,,,,,,,,,,,,,,,,,,,,,,,,,,,,,,,,,
2025-02-25,BITB,Purchase,50001,,,,,,,,,,,,,,,,,,,,,,,,,,,,,,,,,,,,,,,,,,,,,,,47.91999816894531,,,,,,,,,,,,,,,,,,,,,,,,,,,,,,,,,
2025-02-03,WAB,Purchase,1001,30.804504,0.11147001,0.10941,10785000448.0,,,,,,,,,,,,,,,,,,1000000.0,,,,,,,,,,,,,,,,,,314000000.0,-2000000.0,,,,,,203.60977172851562,,,,,,,,,,,,,,,,316000000.0,,,,,,,,,,,,,,,,,
2025-02-03,PRMB,Purchase,1001,,-0.03303,-0.012999999,6507100160.0,,,,,,,,,,,,218618000.0,218618000.0,0.249293,0.249293,,,,,,,0.0,,,,,,,,,,,,,,,,,,,,,32.32415008544922,,,,,,,,,,,,,,,,,,,,,,,,,,,,,,,,,
2025-02-03,MTZ,Purchase,1001,53.10024,0.11773,0.02406,13762472960.0,,,-11344000.0,-11344000.0,,,,,,,,,,,,,,,,,,,,,,-11344000.0,11344000.0,,,,,,,,,,,,,,,,141.58999633789062,,,,,,,,,,,,,,,,,,,,,,,,,,,,,,,,,
2025-02-03,LRN,Purchase,1001,9.591264,0.23041001,0.12761,2475117056.0,0.0,0.216,,,40882000.0,28134000.0,-2353000.0,2353000.0,,40882000.0,40882000.0,43708967.0,42868310.0,0.94,0.95,40882000.0,40882000.0,,,40882000.0,40882000.0,,40882000.0,11277000.0,53769000.0,,,,,,,,,168509000.0,,,,551084000.0,551084000.0,,,,137.66000366210938,84256000.0,335231000.0,84256000.0,56122000.0,503740000.0,47344000.0,8778000.0,8778000.0,,,-2353000.0,2353000.0,47344000.0,168509000.0,,,215853000.0,335231000.0,,,,,,,,,-1610000.0,,,,,,
2025-02-03,IRM,Purchase,1001,155.80556,,0.02398,6639848960.0,-22198890.0,0.21,-105709000.0,-105709000.0,-33620000.0,238906000.0,-186067000.0,187016000.0,949000.0,49890110.0,-33620000.0,293603000.0,293603000.0,-0.11,-0.11,-33620000.0,-33620000.0,,,-33620000.0,-33665000.0,,-33665000.0,12400000.0,-21265000.0,-59052000.0,5417000.0,48544000.0,-46657000.0,232240000.0,232240000.0,,,341929000.0,89466000.0,252463000.0,,1557358000.0,1557358000.0,,,,98.15391540527344,510366000.0,671724000.0,404657000.0,165751000.0,1252559000.0,251164000.0,-139997000.0,-34288000.0,,,-186067000.0,187016000.0,304799000.0,574169000.0,,252463000.0,878968000.0,678390000.0,45000.0,,,949000.0,,-5091000.0,,,,,,,,,
2025-02-03,GS,Purchase,1001,17.537382,0.13532,0.29073998,57336999936.0,,,,,,,,,,,,,,,,,,,,,,,,,,,,,,,,,,,,,,,,,,,619.7225952148438,,,,,,,,,,,,,,,,,,,,80000000.0,,,,,,,,,,,,,
2025-02-03,DELL,Purchase,1001,18.437908,,0.05005,104090001408.0,,,,,,,,,,,,,,,,,,,,,,,,,,0.0,,,,,,,,,,,,,,,,,98.69567108154297,,,,,,,,,0.0,,,,,,,,,,,,,,,,,,,,,,,,
2025-02-03,CRDO,Purchase,1001,152.13792,0.22868,0.26627,796128000.0,,,-765000.0,-765000.0,,,,,,,,,,,,,,,,,,,,,,-765000.0,,,,,,,,,,,,,,,,,71.80999755859375,,,,,,,,,,,,,,,,,,,,,,,,,,,,,,,,,
2025-02-03,COHR,Purchase,1001,257.0634,0.02718,0.041339997,6043358208.0,-5116440.0,0.21,-24364000.0,-24364000.0,25887000.0,137744000.0,-66644000.0,66644000.0,,45134560.0,25887000.0,153626000.0,153626000.0,-0.04,-0.04,-5946000.0,-5946000.0,,31833000.0,25887000.0,24861000.0,,24861000.0,-5558000.0,19303000.0,-24364000.0,,24364000.0,,,,,,228968000.0,,,,1348135000.0,1348135000.0,,,,87.5,248055000.0,888003000.0,223691000.0,85947000.0,1248573000.0,,-13615000.0,10749000.0,,,-66644000.0,66644000.0,99562000.0,360570000.0,131602000.0,,460132000.0,888003000.0,1026000.0,,,,,,,,,,,,,,
2025-02-03,AIT,Purchase,1001,24.731953,0.22097999,0.08613,4664003072.0,,,,,,,,265000.0,,,,,,,,,,,,,,,,,,,,,,,,,,,,217040000.0,26000.0,,,,,,256.58526611328125,,,,,,,,,,,,265000.0,,,,217040000.0,,,,,,,265000.0,,,,,,,,,,
2025-02-13,LHX,Purchase,15001,30.159409,0.091309994,0.08091,21739999232.0,,,-40000000.0,-40000000.0,,,,,,,,,,,,,,,,,,,,,,-40000000.0,,40000000.0,,197000000.0,197000000.0,197000000.0,197000000.0,,113000000.0,,,,,,,,196.24078369140625,,,,,,,,,0.0,,,,,,114000000.0,,,,,,,,,,,,,,,,,,
2025-02-13,LPLA,Purchase,50001,34.41278,0.2132,0.05494,15163188224.0,0.0,0.265,,,255303000.0,110799000.0,-67779000.0,67779000.0,,255303000.0,255303000.0,75405000.0,74776000.0,3.39,3.41,255303000.0,255303000.0,,,255303000.0,255303000.0,,255303000.0,92045000.0,347348000.0,,,,,110799000.0,110799000.0,32461000.0,32461000.0,278628000.0,164538000.0,114090000.0,,3108394000.0,3064971000.0,,,,371.0838623046875,525926000.0,2244116000.0,525926000.0,415127000.0,2693267000.0,,,,,,-67779000.0,67779000.0,415127000.0,449151000.0,,44211000.0,864278000.0,2244116000.0,,,,,,,59724000.0,,,,,69879000.0,78338000.0,69879000.0,
2025-02-13,ACN,Purchase,50001,21.944078,0.25509,0.11021,69672976384.0,,,,,,,,,,,,,,,,,,,,,,,,,,,,,,,,,,,,,,,,,,,385.67901611328125,,,,,,,,,,,,,,,,,,,,,,,,,77420000.0,,,,,,,,
2025-02-13,IQV,Purchase,15001,30.89546,0.19374001,0.08067001,15904000000.0,-5208000.0,0.186,-28000000.0,-28000000.0,285000000.0,278000000.0,-157000000.0,170000000.0,13000000.0,307792000.0,285000000.0,184200000.0,182100000.0,1.55,1.57,285000000.0,285000000.0,,,285000000.0,285000000.0,,285000000.0,65000000.0,349000000.0,-28000000.0,,28000000.0,,278000000.0,278000000.0,,,522000000.0,,,,3896000000.0,3896000000.0,,,,196.0500030517578,825000000.0,2518000000.0,797000000.0,519000000.0,3318000000.0,550000000.0,-72000000.0,-44000000.0,,,-157000000.0,170000000.0,578000000.0,800000000.0,,,1378000000.0,2518000000.0,,,,13000000.0,,,,,1000000.0,,,,,,
2025-02-13,TJX,Purchase,15001,33.898678,0.58396,0.086789995,58979000320.0,0.0,0.253,,,1297000000.0,266000000.0,43000000.0,20000000.0,63000000.0,1297000000.0,1297000000.0,1141000000.0,1124355838.0,1.14,1.149952,1297000000.0,1297000000.0,,,1297000000.0,1297000000.0,,1297000000.0,439000000.0,1736000000.0,,,,,,,,,2748000000.0,,,,14063000000.0,14063000000.0,,,,124.68492889404297,2022000000.0,9622000000.0,2022000000.0,1756000000.0,12370000000.0,,,,,,43000000.0,20000000.0,1693000000.0,2748000000.0,,,4441000000.0,9622000000.0,,,,63000000.0,,,,,,,,,,,
2025-02-13,MSFT,Purchase,50001,34.842815,0.32241002,0.35707,293812011008.0,57190000.0,0.19,301000000.0,301000000.0,24667000000.0,7383000000.0,99000000.0,582000000.0,681000000.0,24423190000.0,24667000000.0,7470000000.0,7433000000.0,3.3,3.32,24667000000.0,24667000000.0,,,24667000000.0,24667000000.0,,24667000000.0,5602000000.0,30269000000.0,-7000000.0,,,308000000.0,,,,,7390000000.0,5717000000.0,1673000000.0,,65585000000.0,65585000000.0,,,,407.5337219238281,37933000000.0,20099000000.0,38234000000.0,30851000000.0,35033000000.0,30552000000.0,-382000000.0,-683000000.0,,7000000.0,99000000.0,582000000.0,30552000000.0,14934000000.0,7544000000.0,1673000000.0,45486000000.0,20099000000.0,,,,681000000.0,,,,,,,,,,,
2025-02-13,AMZN,Purchase,15001,32.099022,0.24327,0.11063,691330023424.0,-2700449.076897,0.150025,-18000000.0,-18000000.0,15328000000.0,13442000000.0,653000000.0,603000000.0,1256000000.0,15343299550.923103,15328000000.0,10735000000.0,10501000000.0,1.43,1.46,15328000000.0,15328000000.0,,,15328000000.0,15328000000.0,,15328000000.0,2706000000.0,18037000000.0,,,,-18000000.0,,,,,13322000000.0,10609000000.0,2713000000.0,,158877000000.0,158877000000.0,,,,230.3699951171875,32100000000.0,80977000000.0,32082000000.0,18640000000.0,141466000000.0,17411000000.0,-27000000.0,-9000000.0,,,653000000.0,603000000.0,17411000000.0,60489000000.0,,2713000000.0,77900000000.0,80977000000.0,,,,1256000000.0,,,47167000000.0,,-3000000.0,,,,,,
2025-02-13,PM,Purchase,15001,21.28104,,0.21574,39992000512.0,,,,,,,,,,,,,,,,,,,,,,,,,,,,,,,,,,,,2553000000.0,15000000.0,,,,,,145.40338134765625,,,,,,,,,,,,,,,,2553000000.0,,,,,,,,,,,,,,,,,
2025-01-22,MU,Purchase,50001,31.959158,0.17198999,0.22845,37377998848.0,,,38000000.0,38000000.0,,,,,,,,,,,,,,,,,,,,,,38000000.0,,0.0,,,,,,,,,,,,,,,108.91717529296875,,,,,,,,,,0.0,,,,,,,,,,,,,,38000000.0,,,,,,,,,
2025-01-22,AMAT,Purchase,100001,30.838337,0.35508,0.24669,28367998976.0,0.0,0.130102,,,1705000000.0,95000000.0,18000000.0,63000000.0,81000000.0,1705000000.0,1705000000.0,,,,,1705000000.0,1705000000.0,,,1705000000.0,1705000000.0,,1705000000.0,255000000.0,1960000000.0,,,,,,,,,427000000.0,205000000.0,222000000.0,,6778000000.0,6778000000.0,,,,193.5723114013672,2118000000.0,3573000000.0,2118000000.0,2023000000.0,4836000000.0,1942000000.0,,,,,18000000.0,63000000.0,1942000000.0,1263000000.0,836000000.0,222000000.0,3205000000.0,3573000000.0,,,,81000000.0,,,,,,,,,,,
2025-01-22,HWM,Purchase,50001,54.48451,0.30064,0.18181999,7975000064.0,,,,,,,,,,,,,,,,,,,1000000.0,,,,,,,,,,,67000000.0,67000000.0,,,,,,,,,,,,126.37400817871094,,,,,,,,,,,,,,,,,,,,,,,,,,,,,,,,,
2025-01-22,LLY,Purchase,50001,48.637432,0.9647,0.30986,59419799552.0,,,,,,,,,,,,,,,,,,,,,,,,,,,,,,,,,,,,,,,,,,,748.3977661132812,,,,,,,,,,,,,,,,,,,,435000000.0,,,,,,,,,,,,,
2025-01-14,CRM,Purchase,1001,34.602276,0.12184,0.17913,40317001728.0,-35490000.0,0.13,-273000000.0,-273000000.0,1527000000.0,814000000.0,,,,1764510000.0,1527000000.0,965000000.0,956000000.0,1.58,1.6,1527000000.0,1527000000.0,,,1527000000.0,1527000000.0,,1527000000.0,219000000.0,1746000000.0,-298000000.0,,56000000.0,25000000.0,,,,,4034000000.0,3323000000.0,711000000.0,,9444000000.0,9444000000.0,,,,321.96038818359375,3036000000.0,2105000000.0,2763000000.0,1949000000.0,7495000000.0,1893000000.0,-203000000.0,70000000.0,,242000000.0,,,1949000000.0,5390000000.0,1356000000.0,711000000.0,7339000000.0,2105000000.0,,,,,,,,,,,,,,,
2025-01-14,NVDA,Purchase,1001,45.764263,1.07359,0.53007,187141996544.0,0.0,0.134746,,,19309000000.0,478000000.0,411000000.0,61000000.0,472000000.0,19309000000.0,19309000000.0,24774000000.0,24533000000.0,0.78,0.79,19309000000.0,19309000000.0,,,19309000000.0,19309000000.0,,19309000000.0,3007000000.0,22316000000.0,,,,,,,,,897000000.0,,,,35082000000.0,35082000000.0,,,,131.7239532470703,22855000000.0,8926000000.0,22855000000.0,22377000000.0,13213000000.0,21869000000.0,36000000.0,36000000.0,,,411000000.0,61000000.0,21869000000.0,4287000000.0,3390000000.0,,26156000000.0,8926000000.0,,,,472000000.0,,,,,,,,,,,
2025-01-28,NRG,Purchase,1001,24.609207,0.64186996,0.04839,29778999296.0,,,,,,,,,,,,,,,,,,,,,,,,,,,58000000.0,,,,,,,,,,,,,,,,99.51478576660156,,,,,,,,,,,,,,,,,,,,,,,,,,,,,,,,,
2025-01-14,MA,Purchase,1001,34.377075,1.8486099,0.45275003,31473999872.0,-27768000.0,0.156,-178000000.0,-178000000.0,3263000000.0,225000000.0,-159000000.0,159000000.0,,3413232000.0,3263000000.0,925000000.0,923000000.0,3.53,3.54,3263000000.0,3263000000.0,,,3263000000.0,3263000000.0,,3263000000.0,603000000.0,3866000000.0,-176000000.0,176000000.0,,-2000000.0,225000000.0,225000000.0,,,1049000000.0,220000000.0,829000000.0,,7369000000.0,7369000000.0,,,,506.8580322265625,4428000000.0,1899000000.0,4250000000.0,4025000000.0,3173000000.0,4004000000.0,-171000000.0,7000000.0,,,-159000000.0,159000000.0,4196000000.0,1274000000.0,,829000000.0,5470000000.0,1899000000.0,,,,,,,,,,,,,,,
2025-01-28,TBLL,Purchase,1001,,,,,,,,,,,,,,,,,,,,,,,,,,,,,,,,,,,,,,,,,,,,,,,102.00750732421875,,,,,,,,,,,,,,,,,,,,,,,,,,,,,,,,,
2025-01-16,TBLL,Purchase,1001,,,,,,,,,,,,,,,,,,,,,,,,,,,,,,,,,,,,,,,,,,,,,,,101.86732482910156,,,,,,,,,,,,,,,,,,,,,,,,,,,,,,,,,
2025-01-02,WAB,Purchase,15001,30.798052,0.11147001,0.10941,10785000448.0,,,,,,,,,,,,,,,,,,1000000.0,,,,,,,,,,,,,,,,,,314000000.0,-2000000.0,,,,,,188.01866149902344,,,,,,,,,,,,,,,,316000000.0,,,,,,,,,,,,,,,,,
2025-01-02,PRMB,Purchase,15001,,-0.03303,-0.012999999,6507100160.0,,,,,,,,,,,,218618000.0,218618000.0,0.249293,0.249293,,,,,,,0.0,,,,,,,,,,,,,,,,,,,,,30.466100692749023,,,,,,,,,,,,,,,,,,,,,,,,,,,,,,,,,
2025-01-02,MTZ,Purchase,15001,53.10024,0.11773,0.02406,13762472960.0,,,-11344000.0,-11344000.0,,,,,,,,,,,,,,,,,,,,,,-11344000.0,11344000.0,,,,,,,,,,,,,,,,139.99000549316406,,,,,,,,,,,,,,,,,,,,,,,,,,,,,,,,,
2025-01-02,LRN,Purchase,15001,9.591264,0.23041001,0.12761,2475117056.0,0.0,0.216,,,40882000.0,28134000.0,-2353000.0,2353000.0,,40882000.0,40882000.0,43708967.0,42868310.0,0.94,0.95,40882000.0,40882000.0,,,40882000.0,40882000.0,,40882000.0,11277000.0,53769000.0,,,,,,,,,168509000.0,,,,551084000.0,551084000.0,,,,106.33999633789062,84256000.0,335231000.0,84256000.0,56122000.0,503740000.0,47344000.0,8778000.0,8778000.0,,,-2353000.0,2353000.0,47344000.0,168509000.0,,,215853000.0,335231000.0,,,,,,,,,-1610000.0,,,,,,
2025-01-02,IRM,Purchase,15001,155.80556,,0.02398,6639848960.0,-22198890.0,0.21,-105709000.0,-105709000.0,-33620000.0,238906000.0,-186067000.0,187016000.0,949000.0,49890110.0,-33620000.0,293603000.0,293603000.0,-0.11,-0.11,-33620000.0,-33620000.0,,,-33620000.0,-33665000.0,,-33665000.0,12400000.0,-21265000.0,-59052000.0,5417000.0,48544000.0,-46657000.0,232240000.0,232240000.0,,,341929000.0,89466000.0,252463000.0,,1557358000.0,1557358000.0,,,,102.15263366699219,510366000.0,671724000.0,404657000.0,165751000.0,1252559000.0,251164000.0,-139997000.0,-34288000.0,,,-186067000.0,187016000.0,304799000.0,574169000.0,,252463000.0,878968000.0,678390000.0,45000.0,,,949000.0,,-5091000.0,,,,,,,,,
2025-01-02,GS,Purchase,15001,17.526209,0.13532,0.29073998,57336999936.0,,,,,,,,,,,,,,,,,,,,,,,,,,,,,,,,,,,,,,,,,,,563.4705810546875,,,,,,,,,,,,,,,,,,,,80000000.0,,,,,,,,,,,,,
2025-01-02,DELL,Purchase,15001,18.430065,,0.05005,104090001408.0,,,,,,,,,,,,,,,,,,,,,,,,,,0.0,,,,,,,,,,,,,,,,,114.4482650756836,,,,,,,,,0.0,,,,,,,,,,,,,,,,,,,,,,,,
2025-01-02,CRDO,Purchase,15001,152.23708,0.22868,0.26627,796128000.0,,,-765000.0,-765000.0,,,,,,,,,,,,,,,,,,,,,,-765000.0,,,,,,,,,,,,,,,,,70.93000030517578,,,,,,,,,,,,,,,,,,,,,,,,,,,,,,,,,
2025-01-02,COHR,Purchase,15001,257.22537,0.02718,0.041339997,6043358208.0,-5116440.0,0.21,-24364000.0,-24364000.0,25887000.0,137744000.0,-66644000.0,66644000.0,,45134560.0,25887000.0,153626000.0,153626000.0,-0.04,-0.04,-5946000.0,-5946000.0,,31833000.0,25887000.0,24861000.0,,24861000.0,-5558000.0,19303000.0,-24364000.0,,24364000.0,,,,,,228968000.0,,,,1348135000.0,1348135000.0,,,,100.58999633789062,248055000.0,888003000.0,223691000.0,85947000.0,1248573000.0,,-13615000.0,10749000.0,,,-66644000.0,66644000.0,99562000.0,360570000.0,131602000.0,,460132000.0,888003000.0,1026000.0,,,,,,,,,,,,,,
2025-01-02,AIT,Purchase,15001,24.735804,0.22097999,0.08613,4664003072.0,,,,,,,,265000.0,,,,,,,,,,,,,,,,,,,,,,,,,,,,217040000.0,26000.0,,,,,,236.87925720214844,,,,,,,,,,,,265000.0,,,,217040000.0,,,,,,,265000.0,,,,,,,,,,
2025-01-02,WAB,Purchase,15001,30.798052,0.11147001,0.10941,10785000448.0,,,,,,,,,,,,,,,,,,1000000.0,,,,,,,,,,,,,,,,,,314000000.0,-2000000.0,,,,,,188.01866149902344,,,,,,,,,,,,,,,,316000000.0,,,,,,,,,,,,,,,,,
2025-01-02,PRMB,Purchase,15001,,-0.03303,-0.012999999,6507100160.0,,,,,,,,,,,,218618000.0,218618000.0,0.249293,0.249293,,,,,,,0.0,,,,,,,,,,,,,,,,,,,,,30.466100692749023,,,,,,,,,,,,,,,,,,,,,,,,,,,,,,,,,
2025-01-02,MTZ,Purchase,15001,53.10024,0.11773,0.02406,13762472960.0,,,-11344000.0,-11344000.0,,,,,,,,,,,,,,,,,,,,,,-11344000.0,11344000.0,,,,,,,,,,,,,,,,139.99000549316406,,,,,,,,,,,,,,,,,,,,,,,,,,,,,,,,,
2025-01-02,LRN,Purchase,15001,9.591264,0.23041001,0.12761,2475117056.0,0.0,0.216,,,40882000.0,28134000.0,-2353000.0,2353000.0,,40882000.0,40882000.0,43708967.0,42868310.0,0.94,0.95,40882000.0,40882000.0,,,40882000.0,40882000.0,,40882000.0,11277000.0,53769000.0,,,,,,,,,168509000.0,,,,551084000.0,551084000.0,,,,106.33999633789062,84256000.0,335231000.0,84256000.0,56122000.0,503740000.0,47344000.0,8778000.0,8778000.0,,,-2353000.0,2353000.0,47344000.0,168509000.0,,,215853000.0,335231000.0,,,,,,,,,-1610000.0,,,,,,
2025-01-02,IRM,Purchase,15001,155.80556,,0.02398,6639848960.0,-22198890.0,0.21,-105709000.0,-105709000.0,-33620000.0,238906000.0,-186067000.0,187016000.0,949000.0,49890110.0,-33620000.0,293603000.0,293603000.0,-0.11,-0.11,-33620000.0,-33620000.0,,,-33620000.0,-33665000.0,,-33665000.0,12400000.0,-21265000.0,-59052000.0,5417000.0,48544000.0,-46657000.0,232240000.0,232240000.0,,,341929000.0,89466000.0,252463000.0,,1557358000.0,1557358000.0,,,,102.15263366699219,510366000.0,671724000.0,404657000.0,165751000.0,1252559000.0,251164000.0,-139997000.0,-34288000.0,,,-186067000.0,187016000.0,304799000.0,574169000.0,,252463000.0,878968000.0,678390000.0,45000.0,,,949000.0,,-5091000.0,,,,,,,,,
2025-01-02,GS,Purchase,15001,17.526209,0.13532,0.29073998,57336999936.0,,,,,,,,,,,,,,,,,,,,,,,,,,,,,,,,,,,,,,,,,,,563.4705810546875,,,,,,,,,,,,,,,,,,,,80000000.0,,,,,,,,,,,,,
2025-01-02,DELL,Purchase,15001,18.419607,,0.05005,104090001408.0,,,,,,,,,,,,,,,,,,,,,,,,,,0.0,,,,,,,,,,,,,,,,,114.4482650756836,,,,,,,,,0.0,,,,,,,,,,,,,,,,,,,,,,,,
2025-01-02,CRDO,Purchase,15001,152.23708,0.22868,0.26627,796128000.0,,,-765000.0,-765000.0,,,,,,,,,,,,,,,,,,,,,,-765000.0,,,,,,,,,,,,,,,,,70.93000030517578,,,,,,,,,,,,,,,,,,,,,,,,,,,,,,,,,
2025-01-02,COHR,Purchase,15001,257.42255,0.02718,0.041339997,6043358208.0,-5116440.0,0.21,-24364000.0,-24364000.0,25887000.0,137744000.0,-66644000.0,66644000.0,,45134560.0,25887000.0,153626000.0,153626000.0,-0.04,-0.04,-5946000.0,-5946000.0,,31833000.0,25887000.0,24861000.0,,24861000.0,-5558000.0,19303000.0,-24364000.0,,24364000.0,,,,,,228968000.0,,,,1348135000.0,1348135000.0,,,,100.58999633789062,248055000.0,888003000.0,223691000.0,85947000.0,1248573000.0,,-13615000.0,10749000.0,,,-66644000.0,66644000.0,99562000.0,360570000.0,131602000.0,,460132000.0,888003000.0,1026000.0,,,,,,,,,,,,,,
2025-01-02,AIT,Purchase,15001,24.735804,0.22097999,0.08613,4664003072.0,,,,,,,,265000.0,,,,,,,,,,,,,,,,,,,,,,,,,,,,217040000.0,26000.0,,,,,,236.87925720214844,,,,,,,,,,,,265000.0,,,,217040000.0,,,,,,,265000.0,,,,,,,,,,
2024-12-27,GE,Purchase,1001,38.298527,0.42131,0.18344,43949998080.0,,,,,,,,,,,,,,,,,,,,,,,,,,,,,,,,,,,,,,,,,,,169.30970764160156,,,,,,,,,,,,,,,,1026000000.0,,,,,,,,,,,,,,,,,
2024-12-12,AVGO,Purchase,1001,102.23333,0.27083,0.31592,59925999616.0,-63630000.0,0.21,-303000000.0,-303000000.0,-1432000000.0,2524000000.0,-1064000000.0,1064000000.0,,-1192630000.0,-1875000000.0,4663000000.0,4663000000.0,-0.4,-0.4,-1875000000.0,-1875000000.0,,,-1875000000.0,-1875000000.0,-443000000.0,-1432000000.0,4238000000.0,2806000000.0,-303000000.0,,303000000.0,,812000000.0,812000000.0,812000000.0,812000000.0,1100000000.0,,,,13072000000.0,13072000000.0,,,,178.90533447265625,6697000000.0,3004000000.0,6394000000.0,3870000000.0,8981000000.0,3788000000.0,-221000000.0,82000000.0,,,-1064000000.0,1064000000.0,4091000000.0,4265000000.0,2353000000.0,,8356000000.0,4716000000.0,,,,,,,,,,,,,,,
2024-12-26,VNQ,Purchase,1001,32.209988,,,,,,,,,,,,,,,,,,,,,,,,,,,,,,,,,,,,,,,,,,,,,,87.04375457763672,,,,,,,,,,,,,,,,,,,,,,,,,,,,,,,,,
2024-12-26,PCLPX,Purchase,250001,,,,,,,,,,,,,,,,,,,,,,,,,,,,,,,,,,,,,,,,,,,,,,,6.272311687469482,,,,,,,,,,,,,,,,,,,,,,,,,,,,,,,,,
2024-12-26,CFSSX,Purchase,100001,21.156702,,,,,,,,,,,,,,,,,,,,,,,,,,,,,,,,,,,,,,,,,,,,,,11.899999618530273,,,,,,,,,,,,,,,,,,,,,,,,,,,,,,,,,
2024-12-26,GICIX,Purchase,50001,,,,,,,,,,,,,,,,,,,,,,,,,,,,,,,,,,,,,,,,,,,,,,,12.289999961853027,,,,,,,,,,,,,,,,,,,,,,,,,,,,,,,,,
2024-12-26,IEMG,Purchase,50001,15.866446,,,,,,,,,,,,,,,,,,,,,,,,,,,,,,,,,,,,,,,,,,,,,,52.30965805053711,,,,,,,,,,,,,,,,,,,,,,,,,,,,,,,,,
2024-12-11,AMAT,Purchase,15001,30.84411,0.35508,0.24669,28367998976.0,0.0,0.130102,,,1705000000.0,95000000.0,18000000.0,63000000.0,81000000.0,1705000000.0,1705000000.0,,,,,1705000000.0,1705000000.0,,,1705000000.0,1705000000.0,,1705000000.0,255000000.0,1960000000.0,,,,,,,,,427000000.0,205000000.0,222000000.0,,6778000000.0,6778000000.0,,,,169.43394470214844,2118000000.0,3573000000.0,2118000000.0,2023000000.0,4836000000.0,1942000000.0,,,,,18000000.0,63000000.0,1942000000.0,1263000000.0,836000000.0,222000000.0,3205000000.0,3573000000.0,,,,81000000.0,,,,,,,,,,,
